-7.100000000000000000e+02,-3.220000000000000000e+02,2.644000000000000000e+03,-1.120000000000000000e+02,2.400000000000000000e+01,1.530000000000000000e+02
-9.290000000000000000e+02,1.350000000000000000e+02,3.314000000000000000e+03,1.630000000000000000e+02,-1.220000000000000000e+02,-2.500000000000000000e+01
-9.680000000000000000e+02,-2.320000000000000000e+02,3.458000000000000000e+03,1.290000000000000000e+02,-3.800000000000000000e+01,-3.400000000000000000e+01
-9.670000000000000000e+02,-2.090000000000000000e+02,4.238000000000000000e+03,1.190000000000000000e+02,-2.470000000000000000e+02,-2.400000000000000000e+01
-8.080000000000000000e+02,-3.430000000000000000e+02,4.390000000000000000e+03,1.400000000000000000e+01,-1.000000000000000000e+02,-4.300000000000000000e+01
-7.060000000000000000e+02,-5.180000000000000000e+02,4.246000000000000000e+03,-5.900000000000000000e+01,8.500000000000000000e+01,4.000000000000000000e+00
-8.830000000000000000e+02,-3.470000000000000000e+02,4.207000000000000000e+03,3.800000000000000000e+01,3.800000000000000000e+01,4.200000000000000000e+01
-9.540000000000000000e+02,-2.320000000000000000e+02,3.955000000000000000e+03,-3.000000000000000000e+01,-3.000000000000000000e+00,2.800000000000000000e+01
-8.970000000000000000e+02,-2.340000000000000000e+02,4.082000000000000000e+03,-5.400000000000000000e+01,6.000000000000000000e+01,-3.800000000000000000e+01
-9.700000000000000000e+02,-2.640000000000000000e+02,3.981000000000000000e+03,4.100000000000000000e+01,2.700000000000000000e+01,2.800000000000000000e+01
-9.580000000000000000e+02,-2.880000000000000000e+02,4.080000000000000000e+03,-3.600000000000000000e+01,-1.000000000000000000e+01,-5.000000000000000000e+01
-9.370000000000000000e+02,-3.350000000000000000e+02,4.095000000000000000e+03,-5.800000000000000000e+01,4.400000000000000000e+01,2.800000000000000000e+01
-9.430000000000000000e+02,-4.590000000000000000e+02,4.059000000000000000e+03,4.000000000000000000e+00,-3.400000000000000000e+01,-1.300000000000000000e+01
-9.260000000000000000e+02,-3.630000000000000000e+02,4.122000000000000000e+03,1.200000000000000000e+01,-1.100000000000000000e+01,5.700000000000000000e+01
-9.000000000000000000e+02,-2.300000000000000000e+02,3.517000000000000000e+03,-1.110000000000000000e+02,1.740000000000000000e+02,-5.000000000000000000e+00
-7.870000000000000000e+02,-4.880000000000000000e+02,6.860000000000000000e+02,1.980000000000000000e+02,6.000000000000000000e+01,-1.060000000000000000e+02
-4.600000000000000000e+02,4.810000000000000000e+02,6.670000000000000000e+02,-1.380000000000000000e+02,-2.186000000000000000e+03,2.740000000000000000e+02
1.710000000000000000e+03,9.010000000000000000e+02,8.293000000000000000e+03,1.070000000000000000e+03,-8.200000000000000000e+02,-8.420000000000000000e+02
-2.190000000000000000e+02,-9.190000000000000000e+02,5.004000000000000000e+03,5.190000000000000000e+02,-6.610000000000000000e+02,2.350000000000000000e+02
-1.600000000000000000e+02,-4.690000000000000000e+02,4.892000000000000000e+03,1.108000000000000000e+03,-1.362000000000000000e+03,2.760000000000000000e+02
4.590000000000000000e+02,7.310000000000000000e+02,5.131000000000000000e+03,8.410000000000000000e+02,-8.070000000000000000e+02,4.190000000000000000e+02
9.870000000000000000e+02,1.229000000000000000e+03,5.187000000000000000e+03,-8.400000000000000000e+01,1.590000000000000000e+02,-7.000000000000000000e+00
7.280000000000000000e+02,7.530000000000000000e+02,4.066000000000000000e+03,-1.200000000000000000e+02,-4.000000000000000000e+00,-3.100000000000000000e+01
7.930000000000000000e+02,7.010000000000000000e+02,3.918000000000000000e+03,-2.300000000000000000e+01,1.200000000000000000e+01,-3.100000000000000000e+01
8.510000000000000000e+02,7.280000000000000000e+02,4.009000000000000000e+03,-3.100000000000000000e+01,-6.500000000000000000e+01,2.800000000000000000e+01
9.160000000000000000e+02,5.120000000000000000e+02,3.988000000000000000e+03,-6.400000000000000000e+01,-2.000000000000000000e+01,5.900000000000000000e+01
8.630000000000000000e+02,5.570000000000000000e+02,4.024000000000000000e+03,-1.540000000000000000e+02,-2.420000000000000000e+02,1.830000000000000000e+02
8.770000000000000000e+02,6.850000000000000000e+02,4.148000000000000000e+03,1.110000000000000000e+02,1.600000000000000000e+01,1.500000000000000000e+01
8.380000000000000000e+02,7.120000000000000000e+02,4.192000000000000000e+03,-4.000000000000000000e+00,-6.800000000000000000e+01,2.000000000000000000e+01
8.740000000000000000e+02,6.270000000000000000e+02,4.060000000000000000e+03,-5.000000000000000000e+00,1.010000000000000000e+02,-6.500000000000000000e+01
9.120000000000000000e+02,5.950000000000000000e+02,4.067000000000000000e+03,2.700000000000000000e+01,-9.800000000000000000e+01,6.900000000000000000e+01
8.740000000000000000e+02,6.300000000000000000e+02,4.048000000000000000e+03,4.000000000000000000e+01,5.100000000000000000e+01,4.300000000000000000e+01
8.960000000000000000e+02,6.550000000000000000e+02,4.089000000000000000e+03,4.600000000000000000e+01,5.400000000000000000e+01,-9.000000000000000000e+00
9.230000000000000000e+02,6.100000000000000000e+02,3.941000000000000000e+03,5.400000000000000000e+01,-1.200000000000000000e+01,-1.000000000000000000e+01
8.940000000000000000e+02,7.460000000000000000e+02,4.148000000000000000e+03,5.100000000000000000e+01,-6.000000000000000000e+00,-5.300000000000000000e+01
8.700000000000000000e+02,7.110000000000000000e+02,4.204000000000000000e+03,-4.000000000000000000e+00,4.200000000000000000e+01,-5.900000000000000000e+01
9.230000000000000000e+02,6.470000000000000000e+02,4.022000000000000000e+03,-2.000000000000000000e+01,5.900000000000000000e+01,-2.000000000000000000e+00
9.390000000000000000e+02,6.490000000000000000e+02,4.089000000000000000e+03,4.100000000000000000e+01,-6.500000000000000000e+01,-1.800000000000000000e+01
8.630000000000000000e+02,7.060000000000000000e+02,5.021000000000000000e+03,3.500000000000000000e+01,1.200000000000000000e+01,9.700000000000000000e+01
7.420000000000000000e+02,1.010000000000000000e+03,6.654000000000000000e+03,-8.000000000000000000e+01,8.350000000000000000e+02,-3.700000000000000000e+01
9.910000000000000000e+02,1.074000000000000000e+03,6.673000000000000000e+03,-5.530000000000000000e+02,1.727000000000000000e+03,-8.400000000000000000e+01
8.520000000000000000e+02,8.730000000000000000e+02,4.390000000000000000e+03,-9.830000000000000000e+02,1.985000000000000000e+03,-2.480000000000000000e+02
7.900000000000000000e+01,-1.220000000000000000e+02,1.457000000000000000e+03,-9.730000000000000000e+02,1.828000000000000000e+03,-2.570000000000000000e+02
-9.450000000000000000e+02,-9.300000000000000000e+01,1.378000000000000000e+03,-6.140000000000000000e+02,4.650000000000000000e+02,5.300000000000000000e+01
-1.279000000000000000e+03,-5.460000000000000000e+02,2.279000000000000000e+03,-6.900000000000000000e+01,4.600000000000000000e+01,-1.490000000000000000e+02
-1.359000000000000000e+03,-2.850000000000000000e+02,3.647000000000000000e+03,1.320000000000000000e+02,-4.120000000000000000e+02,1.030000000000000000e+02
-1.354000000000000000e+03,-1.530000000000000000e+02,4.394000000000000000e+03,1.800000000000000000e+01,-3.400000000000000000e+02,1.600000000000000000e+01
-1.251000000000000000e+03,-2.910000000000000000e+02,4.279000000000000000e+03,-7.000000000000000000e+00,-1.010000000000000000e+02,-1.500000000000000000e+01
-1.241000000000000000e+03,-2.790000000000000000e+02,4.161000000000000000e+03,1.400000000000000000e+01,-9.300000000000000000e+01,3.200000000000000000e+01
-1.123000000000000000e+03,-3.220000000000000000e+02,4.057000000000000000e+03,9.000000000000000000e+00,1.600000000000000000e+01,-1.800000000000000000e+01
-1.109000000000000000e+03,-2.110000000000000000e+02,4.068000000000000000e+03,4.100000000000000000e+01,-8.400000000000000000e+01,-3.500000000000000000e+01
-1.079000000000000000e+03,-3.600000000000000000e+02,3.996000000000000000e+03,4.900000000000000000e+01,-9.900000000000000000e+01,-2.000000000000000000e+00
-1.173000000000000000e+03,-2.670000000000000000e+02,4.136000000000000000e+03,1.100000000000000000e+01,-6.300000000000000000e+01,-1.200000000000000000e+01
-1.229000000000000000e+03,-1.920000000000000000e+02,4.133000000000000000e+03,-1.800000000000000000e+01,-8.900000000000000000e+01,-2.900000000000000000e+01
-1.131000000000000000e+03,-2.330000000000000000e+02,4.079000000000000000e+03,4.000000000000000000e+00,4.300000000000000000e+01,-3.200000000000000000e+01
-1.125000000000000000e+03,-3.380000000000000000e+02,3.856000000000000000e+03,1.900000000000000000e+01,4.300000000000000000e+01,2.000000000000000000e+00
-1.207000000000000000e+03,-1.490000000000000000e+02,4.123000000000000000e+03,4.500000000000000000e+01,-6.600000000000000000e+01,5.000000000000000000e+01
-1.080000000000000000e+03,-2.020000000000000000e+02,4.159000000000000000e+03,-2.100000000000000000e+01,-1.700000000000000000e+01,-9.000000000000000000e+00
-1.105000000000000000e+03,-3.170000000000000000e+02,4.146000000000000000e+03,-3.500000000000000000e+01,6.200000000000000000e+01,2.700000000000000000e+01
-1.142000000000000000e+03,-2.540000000000000000e+02,4.016000000000000000e+03,-2.000000000000000000e+00,1.060000000000000000e+02,-3.500000000000000000e+01
-1.183000000000000000e+03,-2.220000000000000000e+02,3.989000000000000000e+03,-2.300000000000000000e+01,-6.500000000000000000e+01,3.400000000000000000e+01
-9.950000000000000000e+02,-3.170000000000000000e+02,4.079000000000000000e+03,2.500000000000000000e+01,-7.800000000000000000e+01,4.200000000000000000e+01
-1.050000000000000000e+03,-2.140000000000000000e+02,4.062000000000000000e+03,-3.500000000000000000e+01,-5.100000000000000000e+01,-4.800000000000000000e+01
-8.530000000000000000e+02,-1.150000000000000000e+02,3.703000000000000000e+03,-8.200000000000000000e+01,-4.000000000000000000e+01,-3.400000000000000000e+01
-7.870000000000000000e+02,6.300000000000000000e+02,1.259000000000000000e+03,-4.920000000000000000e+02,5.480000000000000000e+02,-6.660000000000000000e+02
-3.590000000000000000e+02,-1.668000000000000000e+03,-1.530000000000000000e+03,6.850000000000000000e+02,-2.770000000000000000e+02,-1.940000000000000000e+02
3.730000000000000000e+02,-1.614000000000000000e+03,-1.362000000000000000e+03,2.577000000000000000e+03,-2.684000000000000000e+03,1.059000000000000000e+03
-1.393000000000000000e+03,1.192900000000000000e+04,5.318000000000000000e+03,1.309800000000000000e+04,-1.140000000000000000e+04,3.529000000000000000e+03
7.787000000000000000e+03,2.584000000000000000e+03,8.517000000000000000e+03,-9.200000000000000000e+02,4.590000000000000000e+02,1.194000000000000000e+03
2.146000000000000000e+03,1.639000000000000000e+03,5.966000000000000000e+03,-9.260000000000000000e+02,1.776000000000000000e+03,2.300000000000000000e+02
3.190000000000000000e+02,1.197000000000000000e+03,3.639000000000000000e+03,-5.620000000000000000e+02,9.390000000000000000e+02,-2.870000000000000000e+02
6.850000000000000000e+02,7.390000000000000000e+02,3.072000000000000000e+03,-8.420000000000000000e+02,6.730000000000000000e+02,-1.400000000000000000e+02
9.330000000000000000e+02,5.000000000000000000e+01,3.212000000000000000e+03,-2.080000000000000000e+02,2.220000000000000000e+02,-4.820000000000000000e+02
1.215000000000000000e+03,3.430000000000000000e+02,4.230000000000000000e+03,-4.300000000000000000e+01,-3.330000000000000000e+02,-3.780000000000000000e+02
1.091000000000000000e+03,2.020000000000000000e+02,4.084000000000000000e+03,-1.000000000000000000e+02,-8.800000000000000000e+01,-2.290000000000000000e+02
1.043000000000000000e+03,1.320000000000000000e+02,4.087000000000000000e+03,-2.290000000000000000e+02,1.610000000000000000e+02,-8.900000000000000000e+01
9.850000000000000000e+02,2.070000000000000000e+02,4.193000000000000000e+03,-2.000000000000000000e+02,1.770000000000000000e+02,-2.000000000000000000e+01
8.350000000000000000e+02,2.770000000000000000e+02,4.165000000000000000e+03,-3.300000000000000000e+01,1.340000000000000000e+02,-6.700000000000000000e+01
7.910000000000000000e+02,1.280000000000000000e+02,4.022000000000000000e+03,-7.500000000000000000e+01,1.510000000000000000e+02,2.500000000000000000e+01
7.220000000000000000e+02,6.400000000000000000e+01,3.959000000000000000e+03,3.000000000000000000e+01,2.270000000000000000e+02,-7.800000000000000000e+01
5.990000000000000000e+02,5.500000000000000000e+01,4.005000000000000000e+03,3.100000000000000000e+01,4.500000000000000000e+01,6.700000000000000000e+01
6.340000000000000000e+02,1.510000000000000000e+02,4.287000000000000000e+03,-3.600000000000000000e+01,-4.400000000000000000e+01,-1.300000000000000000e+01
6.380000000000000000e+02,1.120000000000000000e+02,4.213000000000000000e+03,-1.000000000000000000e+00,7.300000000000000000e+01,2.100000000000000000e+01
5.740000000000000000e+02,2.030000000000000000e+02,4.281000000000000000e+03,1.700000000000000000e+01,-5.200000000000000000e+01,-6.900000000000000000e+01
6.460000000000000000e+02,1.310000000000000000e+02,4.282000000000000000e+03,-6.000000000000000000e+00,-3.500000000000000000e+01,1.000000000000000000e+01
5.150000000000000000e+02,2.400000000000000000e+01,4.815000000000000000e+03,-1.010000000000000000e+02,1.450000000000000000e+02,-2.000000000000000000e+00
6.210000000000000000e+02,7.400000000000000000e+01,7.669000000000000000e+03,2.640000000000000000e+02,6.520000000000000000e+02,-7.000000000000000000e+01
1.540000000000000000e+02,5.240000000000000000e+02,8.828000000000000000e+03,-6.110000000000000000e+02,2.368000000000000000e+03,-7.400000000000000000e+01
1.490000000000000000e+02,4.180000000000000000e+02,4.411000000000000000e+03,-1.033000000000000000e+03,2.924000000000000000e+03,-2.960000000000000000e+02
-5.590000000000000000e+02,-2.300000000000000000e+01,9.600000000000000000e+02,-8.180000000000000000e+02,1.778000000000000000e+03,-6.670000000000000000e+02
-1.239000000000000000e+03,-1.035000000000000000e+03,-1.770000000000000000e+02,4.000000000000000000e+00,-7.400000000000000000e+01,-3.340000000000000000e+02
-9.950000000000000000e+02,-4.190000000000000000e+02,2.284000000000000000e+03,3.210000000000000000e+02,-1.185000000000000000e+03,6.240000000000000000e+02
-1.115000000000000000e+03,-8.800000000000000000e+01,3.598000000000000000e+03,2.270000000000000000e+02,-7.460000000000000000e+02,1.500000000000000000e+02
-1.079000000000000000e+03,-4.150000000000000000e+02,4.027000000000000000e+03,2.580000000000000000e+02,-3.940000000000000000e+02,9.000000000000000000e+00
-1.177000000000000000e+03,-3.460000000000000000e+02,4.220000000000000000e+03,1.840000000000000000e+02,-2.710000000000000000e+02,2.000000000000000000e+01
-1.201000000000000000e+03,-2.730000000000000000e+02,4.243000000000000000e+03,8.200000000000000000e+01,-1.950000000000000000e+02,5.600000000000000000e+01
-1.149000000000000000e+03,-1.910000000000000000e+02,4.099000000000000000e+03,3.800000000000000000e+01,8.700000000000000000e+01,1.500000000000000000e+01
-1.323000000000000000e+03,-2.010000000000000000e+02,3.922000000000000000e+03,2.000000000000000000e+01,-7.000000000000000000e+00,-7.600000000000000000e+01
-1.306000000000000000e+03,-1.350000000000000000e+02,4.055000000000000000e+03,-3.100000000000000000e+01,-1.180000000000000000e+02,3.200000000000000000e+01
-1.235000000000000000e+03,-3.800000000000000000e+02,3.984000000000000000e+03,4.400000000000000000e+01,-6.300000000000000000e+01,-4.600000000000000000e+01
-1.122000000000000000e+03,-3.560000000000000000e+02,4.080000000000000000e+03,1.200000000000000000e+02,1.000000000000000000e+01,-3.900000000000000000e+01
-1.220000000000000000e+03,-1.290000000000000000e+02,4.116000000000000000e+03,1.800000000000000000e+01,-1.010000000000000000e+02,2.900000000000000000e+01
-1.253000000000000000e+03,-1.720000000000000000e+02,4.021000000000000000e+03,-5.700000000000000000e+01,3.000000000000000000e+00,5.600000000000000000e+01
-1.262000000000000000e+03,-1.550000000000000000e+02,3.969000000000000000e+03,-2.300000000000000000e+01,-1.400000000000000000e+01,2.400000000000000000e+01
-1.237000000000000000e+03,-2.400000000000000000e+02,3.917000000000000000e+03,-2.000000000000000000e+00,-5.000000000000000000e+00,1.800000000000000000e+01
-1.194000000000000000e+03,-2.090000000000000000e+02,3.952000000000000000e+03,1.110000000000000000e+02,-2.600000000000000000e+01,3.400000000000000000e+01
-1.137000000000000000e+03,-1.400000000000000000e+02,4.031000000000000000e+03,8.000000000000000000e+01,-8.200000000000000000e+01,4.700000000000000000e+01
-1.224000000000000000e+03,-5.900000000000000000e+01,4.038000000000000000e+03,5.600000000000000000e+01,-4.100000000000000000e+01,4.800000000000000000e+01
-1.009000000000000000e+03,1.600000000000000000e+01,3.908000000000000000e+03,6.000000000000000000e+00,-8.000000000000000000e+01,6.100000000000000000e+01
-6.180000000000000000e+02,1.660000000000000000e+02,3.204000000000000000e+03,-5.360000000000000000e+02,5.910000000000000000e+02,1.250000000000000000e+02
-1.569000000000000000e+03,-1.470000000000000000e+02,-7.260000000000000000e+02,2.810000000000000000e+02,4.720000000000000000e+02,1.170000000000000000e+02
-9.810000000000000000e+02,-2.131000000000000000e+03,-1.353000000000000000e+03,2.128000000000000000e+03,-1.712000000000000000e+03,4.360000000000000000e+02
1.689000000000000000e+03,3.510000000000000000e+03,8.098000000000000000e+03,-5.120000000000000000e+02,-3.678000000000000000e+03,7.690000000000000000e+02
1.617000000000000000e+03,4.650000000000000000e+02,8.290000000000000000e+03,3.880000000000000000e+02,-6.780000000000000000e+02,1.000000000000000000e+02
-8.400000000000000000e+01,6.500000000000000000e+02,5.470000000000000000e+03,2.170000000000000000e+02,-2.050000000000000000e+02,1.720000000000000000e+02
5.600000000000000000e+01,9.820000000000000000e+02,4.875000000000000000e+03,-7.400000000000000000e+01,-1.680000000000000000e+02,1.960000000000000000e+02
5.370000000000000000e+02,8.180000000000000000e+02,4.653000000000000000e+03,-1.010000000000000000e+02,-1.760000000000000000e+02,-9.000000000000000000e+00
8.280000000000000000e+02,5.410000000000000000e+02,4.218000000000000000e+03,-1.190000000000000000e+02,-1.350000000000000000e+02,2.800000000000000000e+01
7.440000000000000000e+02,5.690000000000000000e+02,4.126000000000000000e+03,1.200000000000000000e+01,-1.040000000000000000e+02,5.400000000000000000e+01
6.920000000000000000e+02,5.800000000000000000e+02,4.053000000000000000e+03,3.000000000000000000e+01,-5.200000000000000000e+01,-9.000000000000000000e+00
7.140000000000000000e+02,5.800000000000000000e+02,4.146000000000000000e+03,-5.400000000000000000e+01,-4.300000000000000000e+01,1.200000000000000000e+01
6.740000000000000000e+02,6.710000000000000000e+02,4.085000000000000000e+03,6.000000000000000000e+00,-5.800000000000000000e+01,3.800000000000000000e+01
6.460000000000000000e+02,7.370000000000000000e+02,4.072000000000000000e+03,-4.000000000000000000e+01,-1.900000000000000000e+01,-7.000000000000000000e+01
6.950000000000000000e+02,5.970000000000000000e+02,4.074000000000000000e+03,-4.400000000000000000e+01,5.600000000000000000e+01,-5.800000000000000000e+01
6.970000000000000000e+02,5.560000000000000000e+02,4.145000000000000000e+03,-3.300000000000000000e+01,4.000000000000000000e+00,-9.800000000000000000e+01
7.890000000000000000e+02,4.430000000000000000e+02,4.050000000000000000e+03,4.000000000000000000e+00,-2.500000000000000000e+01,-2.900000000000000000e+01
7.780000000000000000e+02,5.370000000000000000e+02,3.975000000000000000e+03,5.400000000000000000e+01,-1.040000000000000000e+02,7.400000000000000000e+01
7.210000000000000000e+02,6.300000000000000000e+02,4.029000000000000000e+03,3.000000000000000000e+01,2.800000000000000000e+01,2.300000000000000000e+01
6.960000000000000000e+02,6.810000000000000000e+02,4.228000000000000000e+03,-3.500000000000000000e+01,-9.800000000000000000e+01,-1.200000000000000000e+01
7.480000000000000000e+02,6.150000000000000000e+02,4.207000000000000000e+03,-4.000000000000000000e+00,-6.900000000000000000e+01,3.200000000000000000e+01
7.750000000000000000e+02,6.990000000000000000e+02,4.204000000000000000e+03,-3.000000000000000000e+01,9.000000000000000000e+00,8.000000000000000000e+00
8.040000000000000000e+02,6.040000000000000000e+02,4.129000000000000000e+03,5.200000000000000000e+01,1.100000000000000000e+01,-7.000000000000000000e+00
7.550000000000000000e+02,6.530000000000000000e+02,4.150000000000000000e+03,7.100000000000000000e+01,1.000000000000000000e+00,-4.800000000000000000e+01
7.200000000000000000e+02,5.930000000000000000e+02,4.893000000000000000e+03,1.300000000000000000e+01,-4.000000000000000000e+01,9.000000000000000000e+00
1.791000000000000000e+03,9.400000000000000000e+01,1.024900000000000000e+04,-5.220000000000000000e+02,6.860000000000000000e+02,5.540000000000000000e+02
6.320000000000000000e+02,1.914000000000000000e+03,7.074000000000000000e+03,-6.850000000000000000e+02,3.255000000000000000e+03,-5.560000000000000000e+02
4.540000000000000000e+02,3.860000000000000000e+02,2.016000000000000000e+03,-9.230000000000000000e+02,2.437000000000000000e+03,-7.700000000000000000e+02
-7.940000000000000000e+02,-5.140000000000000000e+02,2.210000000000000000e+02,-5.930000000000000000e+02,6.750000000000000000e+02,-6.090000000000000000e+02
-3.310000000000000000e+02,-1.260000000000000000e+02,1.052000000000000000e+03,-8.200000000000000000e+01,2.190000000000000000e+02,1.300000000000000000e+01
-7.410000000000000000e+02,-1.210000000000000000e+02,2.732000000000000000e+03,2.140000000000000000e+02,-4.000000000000000000e+02,1.150000000000000000e+02
-1.381000000000000000e+03,1.060000000000000000e+02,3.973000000000000000e+03,9.800000000000000000e+01,-6.370000000000000000e+02,1.090000000000000000e+02
-1.243000000000000000e+03,-1.100000000000000000e+01,4.380000000000000000e+03,1.640000000000000000e+02,-3.420000000000000000e+02,1.030000000000000000e+02
-1.144000000000000000e+03,-9.500000000000000000e+01,4.427000000000000000e+03,4.100000000000000000e+01,-3.300000000000000000e+01,1.000000000000000000e+01
-1.070000000000000000e+03,-1.460000000000000000e+02,4.156000000000000000e+03,-4.900000000000000000e+01,4.900000000000000000e+01,2.900000000000000000e+01
-1.083000000000000000e+03,-9.400000000000000000e+01,3.863000000000000000e+03,-1.800000000000000000e+01,1.000000000000000000e+00,2.800000000000000000e+01
-1.160000000000000000e+03,-1.320000000000000000e+02,3.839000000000000000e+03,-7.000000000000000000e+00,2.000000000000000000e+01,1.000000000000000000e+01
-1.282000000000000000e+03,-4.100000000000000000e+01,3.969000000000000000e+03,1.900000000000000000e+01,2.200000000000000000e+01,3.100000000000000000e+01
-1.122000000000000000e+03,-6.000000000000000000e+01,4.119000000000000000e+03,1.200000000000000000e+01,-3.500000000000000000e+01,2.900000000000000000e+01
-1.080000000000000000e+03,-4.200000000000000000e+01,4.186000000000000000e+03,1.500000000000000000e+01,-8.000000000000000000e+00,-6.200000000000000000e+01
-1.089000000000000000e+03,-5.400000000000000000e+01,4.091000000000000000e+03,-3.200000000000000000e+01,-5.000000000000000000e+00,5.000000000000000000e+00
-1.131000000000000000e+03,-1.230000000000000000e+02,4.008000000000000000e+03,-2.500000000000000000e+01,7.500000000000000000e+01,-9.400000000000000000e+01
-1.098000000000000000e+03,-1.850000000000000000e+02,3.948000000000000000e+03,-6.900000000000000000e+01,-1.450000000000000000e+02,-1.200000000000000000e+01
-1.090000000000000000e+03,-1.850000000000000000e+02,3.974000000000000000e+03,2.300000000000000000e+01,-9.600000000000000000e+01,-7.000000000000000000e+00
-1.060000000000000000e+03,-1.740000000000000000e+02,4.068000000000000000e+03,9.000000000000000000e+00,-5.200000000000000000e+01,5.400000000000000000e+01
-1.108000000000000000e+03,-5.600000000000000000e+01,4.094000000000000000e+03,4.000000000000000000e+00,-7.100000000000000000e+01,-2.000000000000000000e+00
-1.061000000000000000e+03,-1.130000000000000000e+02,4.091000000000000000e+03,-4.000000000000000000e+00,-1.950000000000000000e+02,1.800000000000000000e+01
-9.240000000000000000e+02,-1.080000000000000000e+02,3.870000000000000000e+03,-4.800000000000000000e+01,-1.870000000000000000e+02,1.170000000000000000e+02
-6.380000000000000000e+02,2.730000000000000000e+02,3.133000000000000000e+03,-2.190000000000000000e+02,-1.990000000000000000e+02,1.010000000000000000e+02
-2.700000000000000000e+02,-4.330000000000000000e+02,1.866000000000000000e+03,-3.940000000000000000e+02,-3.500000000000000000e+02,3.530000000000000000e+02
-1.081000000000000000e+03,-1.243000000000000000e+03,2.400000000000000000e+02,3.500000000000000000e+02,-4.100000000000000000e+02,6.060000000000000000e+02
7.560000000000000000e+02,-2.940000000000000000e+02,3.261000000000000000e+03,1.219000000000000000e+03,-2.798000000000000000e+03,1.096000000000000000e+03
1.152000000000000000e+03,1.459000000000000000e+03,7.530000000000000000e+03,9.210000000000000000e+02,-1.829000000000000000e+03,-9.000000000000000000e+01
1.117000000000000000e+03,7.420000000000000000e+02,7.528000000000000000e+03,3.390000000000000000e+02,-1.045000000000000000e+03,1.030000000000000000e+02
9.160000000000000000e+02,3.770000000000000000e+02,5.623000000000000000e+03,6.400000000000000000e+01,2.820000000000000000e+02,1.060000000000000000e+02
3.840000000000000000e+02,1.052000000000000000e+03,4.435000000000000000e+03,1.190000000000000000e+02,1.610000000000000000e+02,1.050000000000000000e+02
4.180000000000000000e+02,5.910000000000000000e+02,4.411000000000000000e+03,-2.190000000000000000e+02,2.380000000000000000e+02,-1.500000000000000000e+01
6.890000000000000000e+02,5.550000000000000000e+02,3.999000000000000000e+03,-1.270000000000000000e+02,-6.500000000000000000e+01,-1.110000000000000000e+02
6.790000000000000000e+02,4.470000000000000000e+02,4.025000000000000000e+03,-3.500000000000000000e+01,-1.660000000000000000e+02,-3.900000000000000000e+01
7.810000000000000000e+02,4.600000000000000000e+02,4.162000000000000000e+03,-2.700000000000000000e+01,-1.490000000000000000e+02,-7.600000000000000000e+01
6.740000000000000000e+02,5.140000000000000000e+02,4.226000000000000000e+03,-3.500000000000000000e+01,-1.460000000000000000e+02,-2.900000000000000000e+01
7.760000000000000000e+02,1.710000000000000000e+02,4.209000000000000000e+03,-6.400000000000000000e+01,-2.310000000000000000e+02,2.700000000000000000e+01
8.370000000000000000e+02,3.480000000000000000e+02,4.233000000000000000e+03,-1.050000000000000000e+02,8.400000000000000000e+01,-1.800000000000000000e+01
7.040000000000000000e+02,5.410000000000000000e+02,4.061000000000000000e+03,-7.500000000000000000e+01,-1.760000000000000000e+02,-2.100000000000000000e+01
7.180000000000000000e+02,5.410000000000000000e+02,4.055000000000000000e+03,-4.000000000000000000e+01,8.600000000000000000e+01,-2.400000000000000000e+01
7.470000000000000000e+02,4.820000000000000000e+02,4.103000000000000000e+03,-1.600000000000000000e+01,-7.500000000000000000e+01,-3.100000000000000000e+01
8.020000000000000000e+02,3.560000000000000000e+02,4.107000000000000000e+03,2.600000000000000000e+01,-1.700000000000000000e+01,-6.000000000000000000e+00
7.700000000000000000e+02,3.270000000000000000e+02,4.040000000000000000e+03,5.100000000000000000e+01,-3.600000000000000000e+01,-1.030000000000000000e+02
7.880000000000000000e+02,3.940000000000000000e+02,4.093000000000000000e+03,4.500000000000000000e+01,-6.100000000000000000e+01,-5.500000000000000000e+01
7.780000000000000000e+02,4.410000000000000000e+02,4.094000000000000000e+03,2.300000000000000000e+01,5.100000000000000000e+01,5.000000000000000000e+00
7.750000000000000000e+02,4.600000000000000000e+02,4.096000000000000000e+03,4.000000000000000000e+00,-6.500000000000000000e+01,-2.600000000000000000e+01
8.040000000000000000e+02,4.900000000000000000e+02,4.240000000000000000e+03,-3.600000000000000000e+01,-5.700000000000000000e+01,1.000000000000000000e+00
7.550000000000000000e+02,4.600000000000000000e+02,4.404000000000000000e+03,-2.000000000000000000e+01,-1.400000000000000000e+01,8.000000000000000000e+00
7.200000000000000000e+02,3.220000000000000000e+02,4.908000000000000000e+03,1.220000000000000000e+02,-1.600000000000000000e+01,-2.900000000000000000e+01
9.300000000000000000e+02,4.890000000000000000e+02,6.290000000000000000e+03,4.520000000000000000e+02,-3.420000000000000000e+02,5.400000000000000000e+01
1.150000000000000000e+03,1.218000000000000000e+03,7.040000000000000000e+03,-3.620000000000000000e+02,1.880000000000000000e+02,2.650000000000000000e+02
1.482000000000000000e+03,9.820000000000000000e+02,5.690000000000000000e+03,-5.740000000000000000e+02,1.640000000000000000e+03,-3.810000000000000000e+02
7.150000000000000000e+02,5.950000000000000000e+02,3.367000000000000000e+03,-7.060000000000000000e+02,1.615000000000000000e+03,-5.120000000000000000e+02
5.200000000000000000e+01,-1.420000000000000000e+02,1.589000000000000000e+03,-6.210000000000000000e+02,1.283000000000000000e+03,-3.420000000000000000e+02
-6.610000000000000000e+02,-7.110000000000000000e+02,1.091000000000000000e+03,-4.600000000000000000e+01,6.350000000000000000e+02,-4.800000000000000000e+01
-9.990000000000000000e+02,-9.300000000000000000e+01,2.286000000000000000e+03,3.260000000000000000e+02,-3.170000000000000000e+02,1.690000000000000000e+02
-8.940000000000000000e+02,-5.000000000000000000e+00,3.474000000000000000e+03,2.640000000000000000e+02,-4.530000000000000000e+02,2.430000000000000000e+02
-6.680000000000000000e+02,3.950000000000000000e+02,4.683000000000000000e+03,4.600000000000000000e+01,-3.540000000000000000e+02,7.800000000000000000e+01
-4.940000000000000000e+02,2.120000000000000000e+02,4.828000000000000000e+03,-7.700000000000000000e+01,-1.320000000000000000e+02,-1.000000000000000000e+01
-4.980000000000000000e+02,3.500000000000000000e+01,4.489000000000000000e+03,-8.500000000000000000e+01,4.700000000000000000e+01,-7.500000000000000000e+01
-5.990000000000000000e+02,3.200000000000000000e+01,4.102000000000000000e+03,-9.000000000000000000e+01,1.430000000000000000e+02,-5.300000000000000000e+01
-7.080000000000000000e+02,-7.400000000000000000e+01,3.984000000000000000e+03,4.600000000000000000e+01,6.600000000000000000e+01,-4.300000000000000000e+01
-6.960000000000000000e+02,2.800000000000000000e+01,4.142000000000000000e+03,-2.000000000000000000e+00,4.500000000000000000e+01,-2.600000000000000000e+01
-6.350000000000000000e+02,5.700000000000000000e+01,4.252000000000000000e+03,3.500000000000000000e+01,-5.200000000000000000e+01,-4.000000000000000000e+00
-6.500000000000000000e+02,5.300000000000000000e+01,4.238000000000000000e+03,-1.200000000000000000e+01,-9.300000000000000000e+01,-2.300000000000000000e+01
-6.790000000000000000e+02,1.400000000000000000e+01,4.171000000000000000e+03,-2.000000000000000000e+01,-8.500000000000000000e+01,-4.600000000000000000e+01
-6.650000000000000000e+02,-4.300000000000000000e+01,4.092000000000000000e+03,-3.000000000000000000e+01,-4.600000000000000000e+01,5.000000000000000000e+00
-6.560000000000000000e+02,-4.700000000000000000e+01,4.117000000000000000e+03,1.400000000000000000e+01,2.800000000000000000e+01,2.400000000000000000e+01
-7.140000000000000000e+02,2.200000000000000000e+01,4.187000000000000000e+03,2.500000000000000000e+01,3.400000000000000000e+01,1.500000000000000000e+01
-6.710000000000000000e+02,4.600000000000000000e+01,4.255000000000000000e+03,-2.000000000000000000e+01,1.000000000000000000e+00,5.000000000000000000e+00
-6.640000000000000000e+02,-6.700000000000000000e+01,4.067000000000000000e+03,4.900000000000000000e+01,-3.600000000000000000e+01,2.000000000000000000e+01
-7.220000000000000000e+02,6.700000000000000000e+01,4.022000000000000000e+03,6.100000000000000000e+01,2.500000000000000000e+01,3.100000000000000000e+01
-6.600000000000000000e+02,2.280000000000000000e+02,3.737000000000000000e+03,-1.100000000000000000e+01,-1.170000000000000000e+02,5.100000000000000000e+01
-5.580000000000000000e+02,1.570000000000000000e+02,3.190000000000000000e+03,-6.000000000000000000e+00,-2.340000000000000000e+02,-6.000000000000000000e+00
-1.310000000000000000e+02,4.300000000000000000e+01,2.934000000000000000e+03,-5.800000000000000000e+01,-7.180000000000000000e+02,2.080000000000000000e+02
-2.780000000000000000e+02,-9.800000000000000000e+01,2.423000000000000000e+03,-4.880000000000000000e+02,-3.470000000000000000e+02,4.270000000000000000e+02
-3.120000000000000000e+02,-1.240000000000000000e+02,1.962000000000000000e+03,-5.930000000000000000e+02,-8.300000000000000000e+01,5.500000000000000000e+02
-5.360000000000000000e+02,-3.390000000000000000e+02,2.298000000000000000e+03,-3.700000000000000000e+01,-2.530000000000000000e+02,-2.870000000000000000e+02
1.506000000000000000e+03,6.190000000000000000e+02,7.421000000000000000e+03,-4.040000000000000000e+02,-2.748000000000000000e+03,3.210000000000000000e+02
1.614000000000000000e+03,-7.440000000000000000e+02,8.518000000000000000e+03,7.890000000000000000e+02,-6.550000000000000000e+02,-2.100000000000000000e+02
9.500000000000000000e+01,-2.020000000000000000e+02,5.825000000000000000e+03,8.010000000000000000e+02,3.260000000000000000e+02,6.800000000000000000e+01
2.770000000000000000e+02,3.760000000000000000e+02,4.662000000000000000e+03,4.750000000000000000e+02,3.370000000000000000e+02,1.270000000000000000e+02
5.990000000000000000e+02,6.000000000000000000e+02,3.967000000000000000e+03,5.600000000000000000e+01,8.300000000000000000e+01,-5.100000000000000000e+01
6.850000000000000000e+02,3.090000000000000000e+02,3.513000000000000000e+03,-4.000000000000000000e+01,-2.010000000000000000e+02,-3.700000000000000000e+01
7.970000000000000000e+02,1.250000000000000000e+02,3.985000000000000000e+03,-1.700000000000000000e+01,-1.500000000000000000e+02,3.800000000000000000e+01
7.910000000000000000e+02,3.470000000000000000e+02,4.139000000000000000e+03,1.000000000000000000e+00,-1.580000000000000000e+02,1.660000000000000000e+02
7.490000000000000000e+02,3.910000000000000000e+02,4.333000000000000000e+03,-1.200000000000000000e+01,-1.710000000000000000e+02,1.670000000000000000e+02
7.450000000000000000e+02,4.250000000000000000e+02,4.273000000000000000e+03,-1.400000000000000000e+01,-1.130000000000000000e+02,1.200000000000000000e+02
7.710000000000000000e+02,4.340000000000000000e+02,4.117000000000000000e+03,6.000000000000000000e+00,2.000000000000000000e+00,1.130000000000000000e+02
7.730000000000000000e+02,4.660000000000000000e+02,3.988000000000000000e+03,7.300000000000000000e+01,-1.080000000000000000e+02,1.200000000000000000e+01
8.070000000000000000e+02,4.020000000000000000e+02,4.030000000000000000e+03,2.200000000000000000e+01,-7.400000000000000000e+01,-3.200000000000000000e+01
8.210000000000000000e+02,4.440000000000000000e+02,4.097000000000000000e+03,4.900000000000000000e+01,-9.600000000000000000e+01,6.000000000000000000e+00
9.320000000000000000e+02,3.600000000000000000e+02,4.230000000000000000e+03,-4.800000000000000000e+01,-3.600000000000000000e+01,9.400000000000000000e+01
8.600000000000000000e+02,4.430000000000000000e+02,4.222000000000000000e+03,-9.000000000000000000e+00,1.100000000000000000e+01,-1.000000000000000000e+01
9.530000000000000000e+02,4.370000000000000000e+02,4.288000000000000000e+03,-5.300000000000000000e+01,9.000000000000000000e+00,-4.800000000000000000e+01
8.520000000000000000e+02,4.000000000000000000e+02,4.312000000000000000e+03,-6.000000000000000000e+00,-1.100000000000000000e+02,-5.800000000000000000e+01
8.690000000000000000e+02,3.280000000000000000e+02,4.924000000000000000e+03,2.200000000000000000e+01,-2.400000000000000000e+01,-4.300000000000000000e+01
7.840000000000000000e+02,3.650000000000000000e+02,6.097000000000000000e+03,-6.000000000000000000e+01,2.470000000000000000e+02,1.000000000000000000e+01
7.880000000000000000e+02,4.290000000000000000e+02,7.171000000000000000e+03,-5.030000000000000000e+02,4.650000000000000000e+02,-1.770000000000000000e+02
2.329000000000000000e+03,7.930000000000000000e+02,6.641000000000000000e+03,-8.550000000000000000e+02,1.543000000000000000e+03,4.000000000000000000e+00
1.085000000000000000e+03,4.050000000000000000e+02,3.222000000000000000e+03,-1.019000000000000000e+03,2.018000000000000000e+03,-1.460000000000000000e+02
-5.050000000000000000e+02,-7.000000000000000000e+01,1.217000000000000000e+03,-7.190000000000000000e+02,1.369000000000000000e+03,-4.900000000000000000e+02
-1.026000000000000000e+03,-6.250000000000000000e+02,7.790000000000000000e+02,-8.500000000000000000e+01,4.410000000000000000e+02,-3.310000000000000000e+02
-8.710000000000000000e+02,-6.380000000000000000e+02,2.019000000000000000e+03,9.000000000000000000e+00,-4.300000000000000000e+02,-9.700000000000000000e+01
-3.350000000000000000e+02,-9.230000000000000000e+02,3.343000000000000000e+03,-1.670000000000000000e+02,-2.020000000000000000e+02,-1.270000000000000000e+02
-5.490000000000000000e+02,-6.030000000000000000e+02,4.450000000000000000e+03,4.360000000000000000e+02,-3.940000000000000000e+02,1.800000000000000000e+02
-7.440000000000000000e+02,-3.250000000000000000e+02,4.673000000000000000e+03,2.600000000000000000e+02,-2.890000000000000000e+02,1.200000000000000000e+01
-5.550000000000000000e+02,-4.780000000000000000e+02,4.425000000000000000e+03,5.400000000000000000e+01,-1.960000000000000000e+02,-3.700000000000000000e+01
-4.560000000000000000e+02,-5.710000000000000000e+02,4.170000000000000000e+03,4.400000000000000000e+01,-2.500000000000000000e+01,-4.800000000000000000e+01
-6.730000000000000000e+02,-4.170000000000000000e+02,4.082000000000000000e+03,-1.400000000000000000e+01,1.820000000000000000e+02,-1.060000000000000000e+02
-7.130000000000000000e+02,-4.460000000000000000e+02,4.163000000000000000e+03,-2.050000000000000000e+02,2.290000000000000000e+02,-5.700000000000000000e+01
-7.860000000000000000e+02,-6.540000000000000000e+02,4.104000000000000000e+03,-7.100000000000000000e+01,8.600000000000000000e+01,-5.600000000000000000e+01
-6.580000000000000000e+02,-6.600000000000000000e+02,4.109000000000000000e+03,5.300000000000000000e+01,0.000000000000000000e+00,2.100000000000000000e+01
-7.120000000000000000e+02,-4.780000000000000000e+02,4.240000000000000000e+03,5.000000000000000000e+00,9.000000000000000000e+00,3.000000000000000000e+01
-7.130000000000000000e+02,-4.670000000000000000e+02,4.133000000000000000e+03,4.800000000000000000e+01,-1.800000000000000000e+02,6.700000000000000000e+01
-6.900000000000000000e+02,-3.660000000000000000e+02,4.098000000000000000e+03,-1.900000000000000000e+01,8.400000000000000000e+01,-1.100000000000000000e+01
-5.530000000000000000e+02,-5.350000000000000000e+02,3.860000000000000000e+03,2.800000000000000000e+01,5.700000000000000000e+01,-5.600000000000000000e+01
-6.350000000000000000e+02,-3.940000000000000000e+02,3.937000000000000000e+03,6.000000000000000000e+01,-1.270000000000000000e+02,8.600000000000000000e+01
-6.170000000000000000e+02,-2.760000000000000000e+02,3.710000000000000000e+03,7.000000000000000000e+01,-1.460000000000000000e+02,5.400000000000000000e+01
-4.360000000000000000e+02,-3.500000000000000000e+02,2.830000000000000000e+03,1.600000000000000000e+02,-6.900000000000000000e+01,-1.630000000000000000e+02
-5.340000000000000000e+02,-5.800000000000000000e+02,2.179000000000000000e+03,3.970000000000000000e+02,-1.300000000000000000e+02,-1.190000000000000000e+02
-1.029000000000000000e+03,-5.100000000000000000e+02,1.707000000000000000e+03,5.880000000000000000e+02,-4.030000000000000000e+02,2.680000000000000000e+02
1.660000000000000000e+02,3.630000000000000000e+02,3.315000000000000000e+03,5.420000000000000000e+02,-3.480000000000000000e+02,3.800000000000000000e+02
7.220000000000000000e+02,4.530000000000000000e+02,5.272000000000000000e+03,4.890000000000000000e+02,-1.505000000000000000e+03,4.120000000000000000e+02
1.138000000000000000e+03,4.000000000000000000e+01,7.352000000000000000e+03,6.720000000000000000e+02,-2.155000000000000000e+03,2.420000000000000000e+02
7.830000000000000000e+02,-1.084000000000000000e+03,7.648000000000000000e+03,1.270000000000000000e+02,-7.750000000000000000e+02,8.090000000000000000e+02
2.590000000000000000e+02,4.510000000000000000e+02,5.650000000000000000e+03,4.750000000000000000e+02,5.010000000000000000e+02,5.450000000000000000e+02
2.030000000000000000e+02,8.340000000000000000e+02,3.998000000000000000e+03,3.640000000000000000e+02,6.200000000000000000e+02,2.320000000000000000e+02
1.960000000000000000e+02,3.100000000000000000e+02,3.433000000000000000e+03,1.400000000000000000e+01,8.800000000000000000e+01,5.000000000000000000e+00
3.470000000000000000e+02,4.810000000000000000e+02,3.818000000000000000e+03,3.800000000000000000e+01,-2.590000000000000000e+02,4.200000000000000000e+01
4.780000000000000000e+02,4.530000000000000000e+02,4.156000000000000000e+03,3.100000000000000000e+01,-1.760000000000000000e+02,-3.400000000000000000e+01
5.840000000000000000e+02,1.230000000000000000e+02,4.460000000000000000e+03,-2.400000000000000000e+01,-1.470000000000000000e+02,7.200000000000000000e+01
5.400000000000000000e+02,2.750000000000000000e+02,4.392000000000000000e+03,8.800000000000000000e+01,-1.630000000000000000e+02,8.900000000000000000e+01
5.910000000000000000e+02,3.040000000000000000e+02,4.115000000000000000e+03,6.500000000000000000e+01,-5.000000000000000000e+01,2.900000000000000000e+01
5.620000000000000000e+02,3.930000000000000000e+02,4.047000000000000000e+03,1.100000000000000000e+01,-4.700000000000000000e+01,5.400000000000000000e+01
5.540000000000000000e+02,4.590000000000000000e+02,4.188000000000000000e+03,-1.200000000000000000e+01,-1.900000000000000000e+01,-1.490000000000000000e+02
6.450000000000000000e+02,3.770000000000000000e+02,4.228000000000000000e+03,-1.700000000000000000e+01,-1.080000000000000000e+02,-5.300000000000000000e+01
6.520000000000000000e+02,3.240000000000000000e+02,4.199000000000000000e+03,-1.700000000000000000e+01,-2.600000000000000000e+01,-5.400000000000000000e+01
6.400000000000000000e+02,3.170000000000000000e+02,4.096000000000000000e+03,-2.200000000000000000e+01,-8.300000000000000000e+01,-5.400000000000000000e+01
6.650000000000000000e+02,2.420000000000000000e+02,4.098000000000000000e+03,6.000000000000000000e+00,-8.100000000000000000e+01,-9.000000000000000000e+00
6.560000000000000000e+02,2.710000000000000000e+02,4.080000000000000000e+03,1.700000000000000000e+01,9.300000000000000000e+01,-5.800000000000000000e+01
6.680000000000000000e+02,3.550000000000000000e+02,4.142000000000000000e+03,4.000000000000000000e+00,-1.660000000000000000e+02,3.800000000000000000e+01
7.060000000000000000e+02,4.190000000000000000e+02,4.222000000000000000e+03,2.600000000000000000e+01,-1.050000000000000000e+02,7.600000000000000000e+01
7.740000000000000000e+02,5.040000000000000000e+02,4.572000000000000000e+03,-2.500000000000000000e+01,-1.250000000000000000e+02,-4.700000000000000000e+01
8.760000000000000000e+02,4.950000000000000000e+02,5.227000000000000000e+03,-8.800000000000000000e+01,3.300000000000000000e+01,-1.000000000000000000e+00
5.570000000000000000e+02,4.070000000000000000e+02,5.383000000000000000e+03,-2.000000000000000000e+02,1.480000000000000000e+02,2.760000000000000000e+02
2.180000000000000000e+02,5.160000000000000000e+02,5.781000000000000000e+03,-2.440000000000000000e+02,6.150000000000000000e+02,1.060000000000000000e+02
5.720000000000000000e+02,2.050000000000000000e+02,6.258000000000000000e+03,-7.240000000000000000e+02,1.138000000000000000e+03,1.640000000000000000e+02
9.170000000000000000e+02,-3.360000000000000000e+02,5.127000000000000000e+03,-9.900000000000000000e+02,1.964000000000000000e+03,-6.580000000000000000e+02
1.400000000000000000e+01,-4.190000000000000000e+02,2.069000000000000000e+03,4.020000000000000000e+02,1.414000000000000000e+03,-6.980000000000000000e+02
-6.490000000000000000e+02,-7.650000000000000000e+02,1.395000000000000000e+03,7.000000000000000000e+01,9.560000000000000000e+02,3.400000000000000000e+01
-1.551000000000000000e+03,-5.130000000000000000e+02,1.792000000000000000e+03,1.320000000000000000e+02,2.100000000000000000e+01,2.210000000000000000e+02
-8.870000000000000000e+02,-3.520000000000000000e+02,3.476000000000000000e+03,-2.700000000000000000e+02,-2.770000000000000000e+02,3.090000000000000000e+02
-1.012000000000000000e+03,-1.090000000000000000e+02,4.174000000000000000e+03,1.340000000000000000e+02,-4.240000000000000000e+02,3.090000000000000000e+02
-1.106000000000000000e+03,-1.480000000000000000e+02,4.065000000000000000e+03,-9.000000000000000000e+00,-4.490000000000000000e+02,1.010000000000000000e+02
-1.313000000000000000e+03,8.100000000000000000e+01,4.133000000000000000e+03,1.660000000000000000e+02,-1.320000000000000000e+02,6.200000000000000000e+01
-1.106000000000000000e+03,-2.500000000000000000e+01,4.162000000000000000e+03,9.000000000000000000e+00,-9.700000000000000000e+01,-4.200000000000000000e+01
-9.010000000000000000e+02,-2.360000000000000000e+02,4.097000000000000000e+03,-1.600000000000000000e+01,-1.240000000000000000e+02,-2.500000000000000000e+01
-1.037000000000000000e+03,-1.970000000000000000e+02,4.011000000000000000e+03,-2.700000000000000000e+01,-1.200000000000000000e+01,-1.050000000000000000e+02
-1.069000000000000000e+03,-1.950000000000000000e+02,4.096000000000000000e+03,3.000000000000000000e+01,3.800000000000000000e+01,-3.200000000000000000e+01
-1.071000000000000000e+03,-1.970000000000000000e+02,4.057000000000000000e+03,4.400000000000000000e+01,-8.000000000000000000e+00,-3.700000000000000000e+01
-1.035000000000000000e+03,-2.510000000000000000e+02,4.058000000000000000e+03,-1.300000000000000000e+01,8.000000000000000000e+00,-8.600000000000000000e+01
-1.037000000000000000e+03,-1.390000000000000000e+02,4.100000000000000000e+03,8.600000000000000000e+01,5.000000000000000000e+00,5.900000000000000000e+01
-1.030000000000000000e+03,-1.470000000000000000e+02,3.955000000000000000e+03,3.000000000000000000e+01,-1.400000000000000000e+01,-1.100000000000000000e+01
-9.040000000000000000e+02,-2.180000000000000000e+02,3.576000000000000000e+03,1.200000000000000000e+01,-2.500000000000000000e+01,2.600000000000000000e+01
-6.520000000000000000e+02,-8.800000000000000000e+01,2.762000000000000000e+03,-1.330000000000000000e+02,-3.810000000000000000e+02,7.000000000000000000e+01
-5.160000000000000000e+02,-3.070000000000000000e+02,2.378000000000000000e+03,-3.300000000000000000e+01,-5.930000000000000000e+02,-1.270000000000000000e+02
-4.600000000000000000e+02,-5.680000000000000000e+02,1.745000000000000000e+03,-1.600000000000000000e+02,-3.070000000000000000e+02,-1.690000000000000000e+02
-1.200000000000000000e+01,3.770000000000000000e+02,3.170000000000000000e+03,6.870000000000000000e+02,-1.112000000000000000e+03,2.950000000000000000e+02
4.330000000000000000e+02,8.560000000000000000e+02,6.131000000000000000e+03,3.620000000000000000e+02,-1.268000000000000000e+03,1.280000000000000000e+02
5.680000000000000000e+02,-5.300000000000000000e+01,6.202000000000000000e+03,2.610000000000000000e+02,-1.280000000000000000e+03,-7.000000000000000000e+01
-9.400000000000000000e+01,-1.116000000000000000e+03,6.457000000000000000e+03,6.120000000000000000e+02,-1.760000000000000000e+02,6.800000000000000000e+01
6.070000000000000000e+02,1.094000000000000000e+03,5.625000000000000000e+03,2.350000000000000000e+02,9.500000000000000000e+01,8.700000000000000000e+01
1.105000000000000000e+03,4.840000000000000000e+02,4.296000000000000000e+03,-1.170000000000000000e+02,4.700000000000000000e+01,2.700000000000000000e+01
7.400000000000000000e+02,1.460000000000000000e+02,3.503000000000000000e+03,-1.800000000000000000e+01,2.400000000000000000e+01,2.400000000000000000e+01
6.570000000000000000e+02,5.080000000000000000e+02,3.940000000000000000e+03,-7.300000000000000000e+01,-2.240000000000000000e+02,1.120000000000000000e+02
6.860000000000000000e+02,3.220000000000000000e+02,4.278000000000000000e+03,-2.000000000000000000e+02,-1.570000000000000000e+02,2.100000000000000000e+01
7.640000000000000000e+02,6.700000000000000000e+01,4.382000000000000000e+03,-8.800000000000000000e+01,-1.610000000000000000e+02,1.160000000000000000e+02
7.780000000000000000e+02,1.130000000000000000e+02,4.272000000000000000e+03,4.100000000000000000e+01,8.400000000000000000e+01,5.700000000000000000e+01
8.380000000000000000e+02,1.020000000000000000e+02,4.058000000000000000e+03,2.700000000000000000e+01,-8.300000000000000000e+01,1.300000000000000000e+02
8.180000000000000000e+02,4.000000000000000000e+00,4.005000000000000000e+03,1.800000000000000000e+01,-1.050000000000000000e+02,1.740000000000000000e+02
6.840000000000000000e+02,3.660000000000000000e+02,4.113000000000000000e+03,9.000000000000000000e+00,-9.200000000000000000e+01,1.670000000000000000e+02
7.200000000000000000e+02,3.090000000000000000e+02,4.169000000000000000e+03,-5.300000000000000000e+01,-1.680000000000000000e+02,6.000000000000000000e+01
8.430000000000000000e+02,2.180000000000000000e+02,4.226000000000000000e+03,-1.700000000000000000e+01,-1.080000000000000000e+02,1.200000000000000000e+01
8.650000000000000000e+02,2.010000000000000000e+02,4.145000000000000000e+03,2.500000000000000000e+01,-4.000000000000000000e+00,6.500000000000000000e+01
8.090000000000000000e+02,2.320000000000000000e+02,4.080000000000000000e+03,-4.000000000000000000e+00,-8.300000000000000000e+01,4.000000000000000000e+00
7.670000000000000000e+02,1.760000000000000000e+02,4.075000000000000000e+03,-2.800000000000000000e+01,-5.500000000000000000e+01,2.600000000000000000e+01
8.540000000000000000e+02,1.630000000000000000e+02,4.212000000000000000e+03,-9.000000000000000000e+00,-9.400000000000000000e+01,-1.400000000000000000e+01
8.720000000000000000e+02,1.800000000000000000e+02,4.285000000000000000e+03,-3.000000000000000000e+01,-3.600000000000000000e+01,7.000000000000000000e+00
8.140000000000000000e+02,2.290000000000000000e+02,4.206000000000000000e+03,1.030000000000000000e+02,1.760000000000000000e+02,1.600000000000000000e+01
7.440000000000000000e+02,1.130000000000000000e+02,4.773000000000000000e+03,-5.300000000000000000e+01,5.000000000000000000e+01,-1.700000000000000000e+01
4.260000000000000000e+02,4.300000000000000000e+02,6.164000000000000000e+03,-1.840000000000000000e+02,1.270000000000000000e+02,1.690000000000000000e+02
-1.430000000000000000e+02,5.520000000000000000e+02,6.651000000000000000e+03,-8.200000000000000000e+01,1.690000000000000000e+03,-3.390000000000000000e+02
5.220000000000000000e+02,3.080000000000000000e+02,5.874000000000000000e+03,-4.600000000000000000e+01,1.932000000000000000e+03,-6.680000000000000000e+02
8.540000000000000000e+02,-1.540000000000000000e+02,4.469000000000000000e+03,-4.590000000000000000e+02,1.487000000000000000e+03,-6.560000000000000000e+02
3.560000000000000000e+02,-9.110000000000000000e+02,2.034000000000000000e+03,-3.300000000000000000e+01,1.137000000000000000e+03,-1.189000000000000000e+03
-5.660000000000000000e+02,6.200000000000000000e+01,9.860000000000000000e+02,1.000000000000000000e+00,-6.540000000000000000e+02,-3.120000000000000000e+02
-1.360000000000000000e+03,-6.100000000000000000e+01,2.388000000000000000e+03,-6.400000000000000000e+01,-4.130000000000000000e+02,-9.200000000000000000e+01
-9.580000000000000000e+02,-2.140000000000000000e+02,3.664000000000000000e+03,2.840000000000000000e+02,-3.610000000000000000e+02,5.100000000000000000e+01
-7.780000000000000000e+02,-4.000000000000000000e+00,4.411000000000000000e+03,8.500000000000000000e+01,-3.370000000000000000e+02,1.910000000000000000e+02
-7.680000000000000000e+02,-3.700000000000000000e+01,4.402000000000000000e+03,2.300000000000000000e+01,0.000000000000000000e+00,-7.000000000000000000e+00
-8.340000000000000000e+02,-1.550000000000000000e+02,4.194000000000000000e+03,2.000000000000000000e+01,-3.400000000000000000e+01,-7.500000000000000000e+01
-7.710000000000000000e+02,-2.750000000000000000e+02,4.092000000000000000e+03,-6.000000000000000000e+00,5.500000000000000000e+01,-2.500000000000000000e+01
-7.110000000000000000e+02,-2.610000000000000000e+02,4.129000000000000000e+03,3.100000000000000000e+01,-2.800000000000000000e+01,-4.000000000000000000e+00
-7.650000000000000000e+02,-1.120000000000000000e+02,4.296000000000000000e+03,4.000000000000000000e+00,6.900000000000000000e+01,-1.000000000000000000e+00
-7.990000000000000000e+02,-2.450000000000000000e+02,4.074000000000000000e+03,-1.900000000000000000e+01,8.000000000000000000e+01,6.300000000000000000e+01
-8.640000000000000000e+02,-2.170000000000000000e+02,4.051000000000000000e+03,-4.000000000000000000e+00,4.600000000000000000e+01,5.100000000000000000e+01
-8.410000000000000000e+02,-6.700000000000000000e+01,4.187000000000000000e+03,2.800000000000000000e+01,-8.000000000000000000e+00,6.900000000000000000e+01
-7.440000000000000000e+02,-1.050000000000000000e+02,4.203000000000000000e+03,-8.000000000000000000e+00,-4.000000000000000000e+00,1.200000000000000000e+01
-8.550000000000000000e+02,-1.210000000000000000e+02,4.152000000000000000e+03,-4.900000000000000000e+01,7.700000000000000000e+01,-3.400000000000000000e+01
-8.850000000000000000e+02,-2.270000000000000000e+02,4.030000000000000000e+03,-2.000000000000000000e+00,1.600000000000000000e+01,1.900000000000000000e+01
-8.880000000000000000e+02,-2.060000000000000000e+02,4.071000000000000000e+03,-3.500000000000000000e+01,1.900000000000000000e+01,5.900000000000000000e+01
-9.050000000000000000e+02,-2.070000000000000000e+02,4.127000000000000000e+03,4.000000000000000000e+00,4.100000000000000000e+01,-4.600000000000000000e+01
-8.660000000000000000e+02,-7.600000000000000000e+01,4.053000000000000000e+03,1.000000000000000000e+00,-3.300000000000000000e+01,-2.900000000000000000e+01
-7.590000000000000000e+02,-3.900000000000000000e+01,3.544000000000000000e+03,1.500000000000000000e+01,-9.000000000000000000e+00,-2.300000000000000000e+01
-4.810000000000000000e+02,2.290000000000000000e+02,1.751000000000000000e+03,-2.600000000000000000e+02,1.880000000000000000e+02,-6.500000000000000000e+01
-2.690000000000000000e+02,-1.071000000000000000e+03,5.720000000000000000e+02,6.400000000000000000e+02,7.100000000000000000e+01,1.610000000000000000e+02
8.000000000000000000e+01,6.600000000000000000e+02,2.844000000000000000e+03,1.031000000000000000e+03,-8.470000000000000000e+02,4.470000000000000000e+02
3.680000000000000000e+02,8.710000000000000000e+02,6.392000000000000000e+03,-6.980000000000000000e+02,-2.192000000000000000e+03,1.060000000000000000e+03
5.660000000000000000e+02,-1.630000000000000000e+02,7.485000000000000000e+03,-1.670000000000000000e+02,-1.297000000000000000e+03,3.640000000000000000e+02
-1.610000000000000000e+02,-9.020000000000000000e+02,6.289000000000000000e+03,7.000000000000000000e+02,-2.120000000000000000e+02,5.590000000000000000e+02
2.400000000000000000e+01,1.646000000000000000e+03,5.111000000000000000e+03,6.350000000000000000e+02,-2.000000000000000000e+01,3.950000000000000000e+02
6.120000000000000000e+02,8.740000000000000000e+02,4.089000000000000000e+03,-9.300000000000000000e+01,-2.180000000000000000e+02,-8.000000000000000000e+01
7.670000000000000000e+02,1.490000000000000000e+02,3.749000000000000000e+03,-2.240000000000000000e+02,-2.240000000000000000e+02,-1.030000000000000000e+02
8.600000000000000000e+02,2.120000000000000000e+02,4.023000000000000000e+03,1.000000000000000000e+00,-2.680000000000000000e+02,3.000000000000000000e+01
7.800000000000000000e+02,4.190000000000000000e+02,4.184000000000000000e+03,3.000000000000000000e+01,-2.320000000000000000e+02,1.700000000000000000e+01
7.190000000000000000e+02,2.820000000000000000e+02,4.381000000000000000e+03,-1.000000000000000000e+00,-1.160000000000000000e+02,-9.000000000000000000e+00
7.830000000000000000e+02,4.870000000000000000e+02,4.319000000000000000e+03,-3.800000000000000000e+01,-1.700000000000000000e+01,-1.000000000000000000e+01
8.770000000000000000e+02,3.970000000000000000e+02,4.106000000000000000e+03,-3.700000000000000000e+01,-2.300000000000000000e+01,-3.700000000000000000e+01
8.720000000000000000e+02,3.760000000000000000e+02,4.054000000000000000e+03,-4.100000000000000000e+01,2.500000000000000000e+01,-7.100000000000000000e+01
7.360000000000000000e+02,5.170000000000000000e+02,4.076000000000000000e+03,0.000000000000000000e+00,-8.300000000000000000e+01,-7.300000000000000000e+01
8.020000000000000000e+02,1.780000000000000000e+02,4.046000000000000000e+03,-1.000000000000000000e+00,-6.000000000000000000e+00,-5.400000000000000000e+01
8.340000000000000000e+02,2.150000000000000000e+02,4.214000000000000000e+03,-5.400000000000000000e+01,-9.700000000000000000e+01,5.000000000000000000e+00
8.860000000000000000e+02,1.640000000000000000e+02,4.126000000000000000e+03,7.000000000000000000e+00,-3.300000000000000000e+01,5.000000000000000000e+01
7.960000000000000000e+02,3.660000000000000000e+02,4.126000000000000000e+03,9.000000000000000000e+00,2.000000000000000000e+00,6.300000000000000000e+01
7.600000000000000000e+02,4.570000000000000000e+02,4.046000000000000000e+03,3.300000000000000000e+01,-3.100000000000000000e+01,3.200000000000000000e+01
8.390000000000000000e+02,3.380000000000000000e+02,4.170000000000000000e+03,-2.200000000000000000e+01,-1.090000000000000000e+02,7.000000000000000000e+00
8.130000000000000000e+02,3.980000000000000000e+02,4.159000000000000000e+03,2.000000000000000000e+00,-7.000000000000000000e+00,-4.000000000000000000e+01
8.480000000000000000e+02,3.530000000000000000e+02,4.164000000000000000e+03,-1.400000000000000000e+01,-3.300000000000000000e+01,3.700000000000000000e+01
8.370000000000000000e+02,3.310000000000000000e+02,4.184000000000000000e+03,-1.400000000000000000e+01,7.000000000000000000e+00,-3.900000000000000000e+01
7.860000000000000000e+02,2.490000000000000000e+02,4.267000000000000000e+03,-4.700000000000000000e+01,-4.000000000000000000e+01,-3.000000000000000000e+00
7.170000000000000000e+02,-2.000000000000000000e+00,4.609000000000000000e+03,-4.600000000000000000e+01,-1.800000000000000000e+01,9.200000000000000000e+01
6.400000000000000000e+02,1.060000000000000000e+02,5.287000000000000000e+03,-1.110000000000000000e+02,1.820000000000000000e+02,3.870000000000000000e+02
7.540000000000000000e+02,6.680000000000000000e+02,6.535000000000000000e+03,-2.140000000000000000e+02,8.240000000000000000e+02,1.330000000000000000e+02
1.057000000000000000e+03,3.540000000000000000e+02,6.584000000000000000e+03,-5.830000000000000000e+02,1.066000000000000000e+03,-3.890000000000000000e+02
9.010000000000000000e+02,1.700000000000000000e+02,4.126000000000000000e+03,1.410000000000000000e+02,5.400000000000000000e+01,-1.597000000000000000e+03
2.590000000000000000e+02,-1.900000000000000000e+02,1.994000000000000000e+03,-2.150000000000000000e+02,9.250000000000000000e+02,-6.170000000000000000e+02
-8.520000000000000000e+02,1.180000000000000000e+02,2.051000000000000000e+03,-4.640000000000000000e+02,9.810000000000000000e+02,-1.170000000000000000e+02
-1.009000000000000000e+03,-4.200000000000000000e+01,2.642000000000000000e+03,-1.400000000000000000e+01,4.370000000000000000e+02,-3.300000000000000000e+02
-7.480000000000000000e+02,-7.500000000000000000e+01,3.408000000000000000e+03,1.200000000000000000e+01,-1.270000000000000000e+02,-1.130000000000000000e+02
-3.730000000000000000e+02,-5.500000000000000000e+01,4.068000000000000000e+03,8.200000000000000000e+01,-2.100000000000000000e+02,-1.000000000000000000e+01
-7.030000000000000000e+02,-1.750000000000000000e+02,4.132000000000000000e+03,6.900000000000000000e+01,8.600000000000000000e+01,-1.170000000000000000e+02
-8.040000000000000000e+02,-1.660000000000000000e+02,4.148000000000000000e+03,-4.000000000000000000e+00,-4.500000000000000000e+01,-1.500000000000000000e+01
-6.880000000000000000e+02,-1.760000000000000000e+02,4.143000000000000000e+03,-3.500000000000000000e+01,3.000000000000000000e+01,-2.300000000000000000e+01
-7.420000000000000000e+02,-1.090000000000000000e+02,4.161000000000000000e+03,8.000000000000000000e+01,-4.700000000000000000e+01,-2.300000000000000000e+01
-6.960000000000000000e+02,-2.280000000000000000e+02,4.009000000000000000e+03,4.600000000000000000e+01,-1.600000000000000000e+02,9.000000000000000000e+01
-7.680000000000000000e+02,-1.780000000000000000e+02,4.167000000000000000e+03,-1.400000000000000000e+01,-9.700000000000000000e+01,2.300000000000000000e+01
-8.160000000000000000e+02,-6.100000000000000000e+01,4.280000000000000000e+03,-9.000000000000000000e+00,-3.400000000000000000e+01,7.900000000000000000e+01
-7.820000000000000000e+02,-6.100000000000000000e+01,4.234000000000000000e+03,-4.100000000000000000e+01,4.400000000000000000e+01,4.800000000000000000e+01
-7.550000000000000000e+02,-8.500000000000000000e+01,4.186000000000000000e+03,-3.200000000000000000e+01,1.100000000000000000e+02,7.000000000000000000e+00
-7.590000000000000000e+02,-1.790000000000000000e+02,3.994000000000000000e+03,-2.200000000000000000e+01,-5.200000000000000000e+01,7.500000000000000000e+01
-7.410000000000000000e+02,-2.110000000000000000e+02,4.069000000000000000e+03,3.300000000000000000e+01,4.000000000000000000e+01,1.280000000000000000e+02
-7.630000000000000000e+02,-5.000000000000000000e+00,4.196000000000000000e+03,3.600000000000000000e+01,-2.200000000000000000e+01,7.300000000000000000e+01
-8.380000000000000000e+02,7.200000000000000000e+01,4.187000000000000000e+03,-2.200000000000000000e+01,-3.100000000000000000e+01,-1.000000000000000000e+00
-7.360000000000000000e+02,-5.100000000000000000e+01,4.027000000000000000e+03,-1.700000000000000000e+01,-9.000000000000000000e+00,2.000000000000000000e+00
-7.010000000000000000e+02,-1.100000000000000000e+02,3.446000000000000000e+03,1.070000000000000000e+02,-1.460000000000000000e+02,-3.400000000000000000e+01
-3.310000000000000000e+02,-3.470000000000000000e+02,2.097000000000000000e+03,3.340000000000000000e+02,-2.360000000000000000e+02,1.230000000000000000e+02
-5.200000000000000000e+02,-3.040000000000000000e+02,1.732000000000000000e+03,3.470000000000000000e+02,-1.140000000000000000e+02,2.760000000000000000e+02
-2.060000000000000000e+02,6.780000000000000000e+02,2.069000000000000000e+03,7.370000000000000000e+02,-3.700000000000000000e+02,3.230000000000000000e+02
9.080000000000000000e+02,1.000000000000000000e+03,4.428000000000000000e+03,4.980000000000000000e+02,-1.801000000000000000e+03,3.230000000000000000e+02
1.155000000000000000e+03,1.175000000000000000e+03,7.403000000000000000e+03,1.300000000000000000e+01,-1.906000000000000000e+03,5.930000000000000000e+02
6.690000000000000000e+02,-1.424000000000000000e+03,7.366000000000000000e+03,4.890000000000000000e+02,5.940000000000000000e+02,7.820000000000000000e+02
-7.700000000000000000e+01,2.656000000000000000e+03,5.592000000000000000e+03,4.100000000000000000e+02,6.580000000000000000e+02,-9.600000000000000000e+01
3.430000000000000000e+02,1.059000000000000000e+03,3.587000000000000000e+03,-2.540000000000000000e+02,1.060000000000000000e+02,5.000000000000000000e+00
5.590000000000000000e+02,4.800000000000000000e+02,3.533000000000000000e+03,-3.070000000000000000e+02,-4.200000000000000000e+01,3.300000000000000000e+01
6.430000000000000000e+02,6.880000000000000000e+02,3.881000000000000000e+03,-2.340000000000000000e+02,-2.240000000000000000e+02,2.200000000000000000e+01
6.600000000000000000e+02,3.660000000000000000e+02,4.339000000000000000e+03,-2.390000000000000000e+02,-3.250000000000000000e+02,8.100000000000000000e+01
5.390000000000000000e+02,4.490000000000000000e+02,4.580000000000000000e+03,-8.800000000000000000e+01,-1.310000000000000000e+02,1.150000000000000000e+02
5.790000000000000000e+02,6.080000000000000000e+02,4.288000000000000000e+03,-3.400000000000000000e+01,4.900000000000000000e+01,-1.800000000000000000e+01
6.050000000000000000e+02,3.890000000000000000e+02,3.878000000000000000e+03,-8.200000000000000000e+01,7.200000000000000000e+01,-4.800000000000000000e+01
5.660000000000000000e+02,4.070000000000000000e+02,3.894000000000000000e+03,-6.200000000000000000e+01,-1.050000000000000000e+02,-5.100000000000000000e+01
5.990000000000000000e+02,3.360000000000000000e+02,4.071000000000000000e+03,-8.000000000000000000e+00,-1.060000000000000000e+02,5.500000000000000000e+01
6.020000000000000000e+02,4.050000000000000000e+02,4.268000000000000000e+03,7.000000000000000000e+00,-1.190000000000000000e+02,7.300000000000000000e+01
5.490000000000000000e+02,4.660000000000000000e+02,4.282000000000000000e+03,5.500000000000000000e+01,-7.600000000000000000e+01,9.500000000000000000e+01
5.550000000000000000e+02,5.610000000000000000e+02,4.370000000000000000e+03,9.000000000000000000e+00,-1.340000000000000000e+02,3.700000000000000000e+01
5.750000000000000000e+02,5.160000000000000000e+02,4.158000000000000000e+03,-3.900000000000000000e+01,1.040000000000000000e+02,-3.700000000000000000e+01
6.310000000000000000e+02,3.760000000000000000e+02,4.159000000000000000e+03,-1.060000000000000000e+02,-2.000000000000000000e+01,-2.800000000000000000e+01
4.810000000000000000e+02,4.280000000000000000e+02,4.201000000000000000e+03,-9.800000000000000000e+01,1.320000000000000000e+02,-7.000000000000000000e+00
4.800000000000000000e+02,5.510000000000000000e+02,4.906000000000000000e+03,-1.710000000000000000e+02,2.700000000000000000e+01,-3.100000000000000000e+01
3.540000000000000000e+02,8.970000000000000000e+02,6.890000000000000000e+03,-2.420000000000000000e+02,1.750000000000000000e+02,3.500000000000000000e+01
1.110000000000000000e+02,7.920000000000000000e+02,7.811000000000000000e+03,-6.860000000000000000e+02,6.360000000000000000e+02,2.600000000000000000e+01
2.440000000000000000e+02,-5.440000000000000000e+02,5.455000000000000000e+03,-3.910000000000000000e+02,1.876000000000000000e+03,2.770000000000000000e+02
1.108000000000000000e+03,-4.690000000000000000e+02,2.830000000000000000e+03,-2.470000000000000000e+02,2.307000000000000000e+03,-5.100000000000000000e+02
-5.090000000000000000e+02,-4.900000000000000000e+02,4.190000000000000000e+02,3.180000000000000000e+02,1.022000000000000000e+03,-3.120000000000000000e+02
-8.860000000000000000e+02,-2.870000000000000000e+02,1.058000000000000000e+03,6.400000000000000000e+01,-2.960000000000000000e+02,2.270000000000000000e+02
-7.430000000000000000e+02,-2.800000000000000000e+01,3.236000000000000000e+03,4.900000000000000000e+01,-6.320000000000000000e+02,2.550000000000000000e+02
-8.610000000000000000e+02,-1.060000000000000000e+02,4.315000000000000000e+03,-1.260000000000000000e+02,-3.480000000000000000e+02,2.520000000000000000e+02
-1.011000000000000000e+03,1.220000000000000000e+02,4.579000000000000000e+03,-9.000000000000000000e+01,-1.830000000000000000e+02,1.140000000000000000e+02
-1.120000000000000000e+03,-8.900000000000000000e+01,4.318000000000000000e+03,8.500000000000000000e+01,-7.800000000000000000e+01,3.000000000000000000e+01
-1.016000000000000000e+03,5.500000000000000000e+01,4.175000000000000000e+03,-7.000000000000000000e+00,6.600000000000000000e+01,5.000000000000000000e+00
-9.050000000000000000e+02,3.300000000000000000e+01,4.030000000000000000e+03,-7.100000000000000000e+01,4.600000000000000000e+01,-5.300000000000000000e+01
-9.400000000000000000e+02,2.000000000000000000e+00,4.061000000000000000e+03,-1.200000000000000000e+01,-6.400000000000000000e+01,-1.050000000000000000e+02
-1.098000000000000000e+03,-8.300000000000000000e+01,4.115000000000000000e+03,4.000000000000000000e+00,1.100000000000000000e+01,-3.200000000000000000e+01
-1.036000000000000000e+03,-1.010000000000000000e+02,4.210000000000000000e+03,6.800000000000000000e+01,-3.400000000000000000e+01,-1.000000000000000000e+00
-9.390000000000000000e+02,1.230000000000000000e+02,4.289000000000000000e+03,4.400000000000000000e+01,1.340000000000000000e+02,4.000000000000000000e+00
-1.074000000000000000e+03,4.000000000000000000e+01,3.978000000000000000e+03,3.800000000000000000e+01,9.200000000000000000e+01,-2.300000000000000000e+01
-1.149000000000000000e+03,-1.680000000000000000e+02,3.583000000000000000e+03,-1.080000000000000000e+02,1.040000000000000000e+02,-7.500000000000000000e+01
-8.420000000000000000e+02,-3.060000000000000000e+02,3.215000000000000000e+03,2.500000000000000000e+01,-1.510000000000000000e+02,-4.000000000000000000e+00
-8.140000000000000000e+02,6.300000000000000000e+01,1.829000000000000000e+03,4.340000000000000000e+02,-3.290000000000000000e+02,-3.550000000000000000e+02
-5.370000000000000000e+02,-8.200000000000000000e+01,9.000000000000000000e+02,5.060000000000000000e+02,-9.500000000000000000e+02,-2.260000000000000000e+02
2.350000000000000000e+02,3.530000000000000000e+02,2.568000000000000000e+03,2.880000000000000000e+02,-1.721000000000000000e+03,4.300000000000000000e+02
7.790000000000000000e+02,4.600000000000000000e+01,5.269000000000000000e+03,-8.970000000000000000e+02,-1.156000000000000000e+03,6.440000000000000000e+02
8.630000000000000000e+02,-5.700000000000000000e+01,7.165000000000000000e+03,-1.429000000000000000e+03,-1.713000000000000000e+03,1.200000000000000000e+02
7.850000000000000000e+02,-1.232000000000000000e+03,7.319000000000000000e+03,6.160000000000000000e+02,-1.120000000000000000e+02,-2.510000000000000000e+02
4.690000000000000000e+02,-9.900000000000000000e+02,5.450000000000000000e+03,4.800000000000000000e+02,-7.000000000000000000e+00,2.190000000000000000e+02
6.060000000000000000e+02,4.120000000000000000e+02,4.526000000000000000e+03,2.190000000000000000e+02,1.910000000000000000e+02,8.400000000000000000e+01
7.790000000000000000e+02,8.400000000000000000e+01,3.407000000000000000e+03,-1.450000000000000000e+02,-2.000000000000000000e+00,-7.700000000000000000e+01
8.410000000000000000e+02,-1.750000000000000000e+02,3.558000000000000000e+03,-1.600000000000000000e+02,-2.480000000000000000e+02,-8.600000000000000000e+01
8.820000000000000000e+02,-2.250000000000000000e+02,4.285000000000000000e+03,-4.500000000000000000e+01,-3.580000000000000000e+02,-6.400000000000000000e+01
8.480000000000000000e+02,-2.380000000000000000e+02,4.588000000000000000e+03,7.300000000000000000e+01,-1.440000000000000000e+02,-1.500000000000000000e+01
7.570000000000000000e+02,-2.390000000000000000e+02,4.439000000000000000e+03,1.950000000000000000e+02,4.900000000000000000e+01,-4.800000000000000000e+01
7.440000000000000000e+02,-7.400000000000000000e+01,4.072000000000000000e+03,2.060000000000000000e+02,1.100000000000000000e+02,-1.460000000000000000e+02
8.600000000000000000e+02,-2.270000000000000000e+02,3.992000000000000000e+03,-1.820000000000000000e+02,4.600000000000000000e+01,4.500000000000000000e+01
8.630000000000000000e+02,-4.300000000000000000e+01,4.037000000000000000e+03,-4.500000000000000000e+01,-5.400000000000000000e+01,1.800000000000000000e+01
8.010000000000000000e+02,-7.500000000000000000e+01,4.022000000000000000e+03,2.200000000000000000e+01,-2.000000000000000000e+00,5.900000000000000000e+01
7.630000000000000000e+02,1.100000000000000000e+01,4.145000000000000000e+03,6.900000000000000000e+01,-1.550000000000000000e+02,-1.400000000000000000e+01
7.460000000000000000e+02,-9.800000000000000000e+01,4.153000000000000000e+03,1.430000000000000000e+02,-8.100000000000000000e+01,3.000000000000000000e+01
7.730000000000000000e+02,-3.300000000000000000e+01,4.315000000000000000e+03,2.700000000000000000e+01,-7.000000000000000000e+01,-5.900000000000000000e+01
7.610000000000000000e+02,-4.600000000000000000e+01,4.516000000000000000e+03,2.000000000000000000e+01,-1.300000000000000000e+01,-5.100000000000000000e+01
6.150000000000000000e+02,-2.560000000000000000e+02,5.458000000000000000e+03,-7.600000000000000000e+01,1.320000000000000000e+02,7.000000000000000000e+01
5.650000000000000000e+02,-8.000000000000000000e+02,9.776000000000000000e+03,-1.254000000000000000e+03,-2.320000000000000000e+02,1.353000000000000000e+03
1.313000000000000000e+03,-5.900000000000000000e+01,6.450000000000000000e+03,1.380000000000000000e+02,2.001000000000000000e+03,3.100000000000000000e+02
1.398000000000000000e+03,-6.420000000000000000e+02,3.187000000000000000e+03,3.310000000000000000e+02,2.596000000000000000e+03,-4.460000000000000000e+02
3.450000000000000000e+02,-2.100000000000000000e+02,9.220000000000000000e+02,-1.980000000000000000e+02,1.920000000000000000e+03,-7.000000000000000000e+01
-3.510000000000000000e+02,-6.670000000000000000e+02,1.890000000000000000e+02,2.350000000000000000e+02,2.450000000000000000e+02,1.250000000000000000e+02
-8.160000000000000000e+02,1.300000000000000000e+02,2.115000000000000000e+03,1.410000000000000000e+02,-5.920000000000000000e+02,1.730000000000000000e+02
-1.023000000000000000e+03,-3.640000000000000000e+02,3.909000000000000000e+03,-1.110000000000000000e+02,-5.640000000000000000e+02,1.390000000000000000e+02
-9.710000000000000000e+02,-3.590000000000000000e+02,5.002000000000000000e+03,-7.500000000000000000e+01,-3.980000000000000000e+02,1.200000000000000000e+01
-8.350000000000000000e+02,-6.220000000000000000e+02,5.073000000000000000e+03,5.900000000000000000e+01,-1.440000000000000000e+02,-1.400000000000000000e+01
-6.940000000000000000e+02,-3.720000000000000000e+02,4.733000000000000000e+03,1.350000000000000000e+02,5.100000000000000000e+01,-1.400000000000000000e+01
-7.230000000000000000e+02,-3.040000000000000000e+02,3.953000000000000000e+03,2.480000000000000000e+02,2.240000000000000000e+02,-9.800000000000000000e+01
-9.470000000000000000e+02,-1.060000000000000000e+02,3.522000000000000000e+03,1.720000000000000000e+02,1.520000000000000000e+02,-6.100000000000000000e+01
-1.118000000000000000e+03,-9.600000000000000000e+01,3.667000000000000000e+03,2.100000000000000000e+01,-1.420000000000000000e+02,8.900000000000000000e+01
-9.450000000000000000e+02,-1.880000000000000000e+02,4.095000000000000000e+03,3.600000000000000000e+01,-2.440000000000000000e+02,6.000000000000000000e+01
-7.290000000000000000e+02,-2.200000000000000000e+01,4.505000000000000000e+03,4.400000000000000000e+01,-4.800000000000000000e+01,4.300000000000000000e+01
-7.610000000000000000e+02,-1.440000000000000000e+02,4.374000000000000000e+03,-3.800000000000000000e+01,-2.600000000000000000e+01,4.100000000000000000e+01
-8.470000000000000000e+02,-1.400000000000000000e+02,4.133000000000000000e+03,5.200000000000000000e+01,7.700000000000000000e+01,3.500000000000000000e+01
-8.360000000000000000e+02,-7.700000000000000000e+01,3.991000000000000000e+03,4.700000000000000000e+01,5.000000000000000000e+00,1.600000000000000000e+01
-8.950000000000000000e+02,5.900000000000000000e+01,3.829000000000000000e+03,1.700000000000000000e+01,6.200000000000000000e+01,-1.300000000000000000e+02
-9.340000000000000000e+02,-6.600000000000000000e+01,3.657000000000000000e+03,-6.600000000000000000e+01,-1.400000000000000000e+01,-2.000000000000000000e+01
-5.970000000000000000e+02,0.000000000000000000e+00,3.420000000000000000e+03,-3.500000000000000000e+01,-1.690000000000000000e+02,-5.400000000000000000e+01
-4.590000000000000000e+02,-6.800000000000000000e+01,2.048000000000000000e+03,-1.050000000000000000e+02,-6.160000000000000000e+02,-2.530000000000000000e+02
-5.060000000000000000e+02,1.250000000000000000e+02,1.746000000000000000e+03,4.830000000000000000e+02,-1.029000000000000000e+03,-3.390000000000000000e+02
3.050000000000000000e+02,3.300000000000000000e+02,2.146000000000000000e+03,-6.700000000000000000e+02,-6.360000000000000000e+02,-5.980000000000000000e+02
1.301000000000000000e+03,-7.250000000000000000e+02,4.383000000000000000e+03,3.790000000000000000e+02,-8.630000000000000000e+02,-1.218000000000000000e+03
1.416000000000000000e+03,-1.300000000000000000e+02,6.730000000000000000e+03,2.930000000000000000e+02,-2.077000000000000000e+03,2.880000000000000000e+02
1.075000000000000000e+03,7.980000000000000000e+02,7.749000000000000000e+03,2.550000000000000000e+02,-1.180000000000000000e+03,1.950000000000000000e+02
8.780000000000000000e+02,1.320000000000000000e+02,6.245000000000000000e+03,1.980000000000000000e+02,-3.190000000000000000e+02,8.500000000000000000e+01
1.367000000000000000e+03,3.220000000000000000e+02,4.740000000000000000e+03,-5.400000000000000000e+01,7.600000000000000000e+01,-8.800000000000000000e+01
1.473000000000000000e+03,-1.270000000000000000e+02,3.577000000000000000e+03,-7.700000000000000000e+01,1.760000000000000000e+02,8.000000000000000000e+00
1.436000000000000000e+03,-1.840000000000000000e+02,3.226000000000000000e+03,-1.710000000000000000e+02,-7.300000000000000000e+01,5.900000000000000000e+01
1.379000000000000000e+03,1.900000000000000000e+01,3.465000000000000000e+03,-1.470000000000000000e+02,-2.430000000000000000e+02,1.740000000000000000e+02
1.254000000000000000e+03,2.210000000000000000e+02,4.060000000000000000e+03,-3.700000000000000000e+01,-3.430000000000000000e+02,2.020000000000000000e+02
1.322000000000000000e+03,4.490000000000000000e+02,4.645000000000000000e+03,1.380000000000000000e+02,-1.970000000000000000e+02,1.610000000000000000e+02
1.473000000000000000e+03,3.040000000000000000e+02,4.518000000000000000e+03,-2.200000000000000000e+01,-1.150000000000000000e+02,-4.000000000000000000e+01
1.543000000000000000e+03,-2.390000000000000000e+02,3.910000000000000000e+03,-4.300000000000000000e+01,3.000000000000000000e+02,-6.400000000000000000e+01
1.410000000000000000e+03,-2.220000000000000000e+02,3.571000000000000000e+03,5.000000000000000000e+00,5.700000000000000000e+01,7.000000000000000000e+01
1.346000000000000000e+03,-3.600000000000000000e+01,3.668000000000000000e+03,-4.000000000000000000e+01,-1.520000000000000000e+02,9.600000000000000000e+01
1.346000000000000000e+03,2.500000000000000000e+01,3.846000000000000000e+03,-4.300000000000000000e+01,-2.060000000000000000e+02,4.800000000000000000e+01
1.506000000000000000e+03,8.000000000000000000e+01,4.291000000000000000e+03,2.000000000000000000e+00,-1.800000000000000000e+02,7.900000000000000000e+01
1.540000000000000000e+03,2.020000000000000000e+02,4.537000000000000000e+03,-1.700000000000000000e+01,4.600000000000000000e+01,9.500000000000000000e+01
1.588000000000000000e+03,2.910000000000000000e+02,5.081000000000000000e+03,-1.320000000000000000e+02,2.830000000000000000e+02,4.600000000000000000e+01
1.404000000000000000e+03,-5.600000000000000000e+01,5.565000000000000000e+03,1.450000000000000000e+02,6.830000000000000000e+02,-2.510000000000000000e+02
8.590000000000000000e+02,2.220000000000000000e+02,5.712000000000000000e+03,1.700000000000000000e+01,1.297000000000000000e+03,-2.400000000000000000e+02
8.240000000000000000e+02,-3.340000000000000000e+02,6.222000000000000000e+03,-3.700000000000000000e+02,1.437000000000000000e+03,1.030000000000000000e+02
6.150000000000000000e+02,3.350000000000000000e+02,5.970000000000000000e+03,-2.860000000000000000e+02,1.870000000000000000e+03,-1.470000000000000000e+02
5.650000000000000000e+02,-8.200000000000000000e+01,2.809000000000000000e+03,-3.700000000000000000e+01,1.843000000000000000e+03,-3.110000000000000000e+02
-2.330000000000000000e+02,-4.160000000000000000e+02,7.380000000000000000e+02,-1.810000000000000000e+02,9.860000000000000000e+02,-3.550000000000000000e+02
-1.206000000000000000e+03,-3.780000000000000000e+02,8.840000000000000000e+02,3.800000000000000000e+01,-4.300000000000000000e+01,-2.720000000000000000e+02
-1.014000000000000000e+03,-2.340000000000000000e+02,2.790000000000000000e+03,2.290000000000000000e+02,-3.400000000000000000e+02,8.000000000000000000e+00
-1.159000000000000000e+03,1.000000000000000000e+02,4.111000000000000000e+03,4.600000000000000000e+01,-3.490000000000000000e+02,1.020000000000000000e+02
-1.201000000000000000e+03,-1.640000000000000000e+02,4.582000000000000000e+03,-2.210000000000000000e+02,-2.080000000000000000e+02,4.600000000000000000e+01
-1.184000000000000000e+03,-4.490000000000000000e+02,4.543000000000000000e+03,-1.100000000000000000e+02,-8.700000000000000000e+01,5.600000000000000000e+01
-1.178000000000000000e+03,-3.390000000000000000e+02,4.332000000000000000e+03,8.200000000000000000e+01,1.310000000000000000e+02,1.330000000000000000e+02
-1.304000000000000000e+03,-1.310000000000000000e+02,4.071000000000000000e+03,3.500000000000000000e+01,3.710000000000000000e+02,-1.160000000000000000e+02
-1.317000000000000000e+03,-1.330000000000000000e+02,3.678000000000000000e+03,4.400000000000000000e+01,2.660000000000000000e+02,-7.000000000000000000e+00
-1.547000000000000000e+03,-1.490000000000000000e+02,3.824000000000000000e+03,6.000000000000000000e+01,3.200000000000000000e+01,-5.800000000000000000e+01
-1.475000000000000000e+03,-2.580000000000000000e+02,3.947000000000000000e+03,-1.400000000000000000e+01,-1.500000000000000000e+01,-6.700000000000000000e+01
-1.302000000000000000e+03,-2.790000000000000000e+02,3.995000000000000000e+03,1.140000000000000000e+02,-4.700000000000000000e+01,-2.000000000000000000e+01
-1.349000000000000000e+03,9.000000000000000000e+00,3.778000000000000000e+03,6.900000000000000000e+01,-1.450000000000000000e+02,-1.700000000000000000e+01
-1.122000000000000000e+03,-7.400000000000000000e+01,3.101000000000000000e+03,-3.700000000000000000e+01,-1.710000000000000000e+02,-2.500000000000000000e+01
-5.610000000000000000e+02,-1.100000000000000000e+02,2.184000000000000000e+03,-3.680000000000000000e+02,9.700000000000000000e+01,3.040000000000000000e+02
-7.220000000000000000e+02,-6.700000000000000000e+01,1.871000000000000000e+03,9.100000000000000000e+02,-7.790000000000000000e+02,-4.960000000000000000e+02
1.050000000000000000e+02,7.500000000000000000e+01,1.996000000000000000e+03,1.269000000000000000e+03,-1.752000000000000000e+03,-2.900000000000000000e+02
1.068000000000000000e+03,2.790000000000000000e+02,2.401000000000000000e+03,4.810000000000000000e+02,-2.201000000000000000e+03,2.030000000000000000e+02
1.862000000000000000e+03,1.042000000000000000e+03,7.788000000000000000e+03,-1.534000000000000000e+03,-2.198000000000000000e+03,4.440000000000000000e+02
9.190000000000000000e+02,-8.010000000000000000e+02,9.191000000000000000e+03,3.760000000000000000e+02,-1.958000000000000000e+03,7.220000000000000000e+02
1.023000000000000000e+03,1.167000000000000000e+03,6.650000000000000000e+03,3.300000000000000000e+02,8.110000000000000000e+02,3.370000000000000000e+02
1.362000000000000000e+03,5.730000000000000000e+02,4.127000000000000000e+03,8.400000000000000000e+01,2.720000000000000000e+02,-2.350000000000000000e+02
1.086000000000000000e+03,-1.340000000000000000e+02,2.955000000000000000e+03,-5.300000000000000000e+01,-1.000000000000000000e+01,-1.820000000000000000e+02
1.138000000000000000e+03,-1.960000000000000000e+02,3.163000000000000000e+03,1.000000000000000000e+01,-3.530000000000000000e+02,1.330000000000000000e+02
1.304000000000000000e+03,-1.310000000000000000e+02,3.830000000000000000e+03,-5.600000000000000000e+01,-6.840000000000000000e+02,2.690000000000000000e+02
1.336000000000000000e+03,-4.380000000000000000e+02,4.312000000000000000e+03,1.960000000000000000e+02,-4.860000000000000000e+02,3.870000000000000000e+02
1.508000000000000000e+03,-5.200000000000000000e+01,4.426000000000000000e+03,1.960000000000000000e+02,-7.500000000000000000e+01,5.740000000000000000e+02
1.356000000000000000e+03,6.340000000000000000e+02,4.110000000000000000e+03,8.000000000000000000e+01,-7.200000000000000000e+01,2.030000000000000000e+02
1.363000000000000000e+03,5.350000000000000000e+02,4.139000000000000000e+03,-1.660000000000000000e+02,1.120000000000000000e+02,1.470000000000000000e+02
1.364000000000000000e+03,6.310000000000000000e+02,4.143000000000000000e+03,1.600000000000000000e+02,1.900000000000000000e+01,-2.000000000000000000e+00
1.365000000000000000e+03,5.120000000000000000e+02,4.045000000000000000e+03,6.500000000000000000e+01,5.100000000000000000e+01,-1.630000000000000000e+02
1.359000000000000000e+03,1.310000000000000000e+02,3.921000000000000000e+03,9.900000000000000000e+01,7.700000000000000000e+01,-3.100000000000000000e+02
1.354000000000000000e+03,1.750000000000000000e+02,3.986000000000000000e+03,1.240000000000000000e+02,-1.110000000000000000e+02,-2.560000000000000000e+02
1.389000000000000000e+03,4.680000000000000000e+02,4.344000000000000000e+03,-1.470000000000000000e+02,6.700000000000000000e+01,-1.820000000000000000e+02
1.309000000000000000e+03,6.880000000000000000e+02,4.914000000000000000e+03,-2.240000000000000000e+02,2.860000000000000000e+02,-2.760000000000000000e+02
1.509000000000000000e+03,1.170000000000000000e+02,6.592000000000000000e+03,-2.910000000000000000e+02,2.380000000000000000e+02,-2.910000000000000000e+02
1.531000000000000000e+03,5.300000000000000000e+01,7.708000000000000000e+03,-6.790000000000000000e+02,1.176000000000000000e+03,-3.890000000000000000e+02
1.842000000000000000e+03,-7.500000000000000000e+01,6.343000000000000000e+03,-8.430000000000000000e+02,2.092000000000000000e+03,-5.480000000000000000e+02
1.654000000000000000e+03,-4.860000000000000000e+02,2.314000000000000000e+03,-6.210000000000000000e+02,2.949000000000000000e+03,-9.380000000000000000e+02
-4.150000000000000000e+02,-1.093000000000000000e+03,-4.780000000000000000e+02,-3.700000000000000000e+01,1.421000000000000000e+03,-8.970000000000000000e+02
-1.685000000000000000e+03,-2.950000000000000000e+02,5.340000000000000000e+02,-1.730000000000000000e+02,2.750000000000000000e+02,-1.020000000000000000e+02
-1.659000000000000000e+03,-5.450000000000000000e+02,2.570000000000000000e+03,-1.100000000000000000e+01,-4.700000000000000000e+02,9.600000000000000000e+01
-1.235000000000000000e+03,2.500000000000000000e+01,4.469000000000000000e+03,-2.580000000000000000e+02,-5.970000000000000000e+02,-9.400000000000000000e+01
-7.560000000000000000e+02,-7.140000000000000000e+02,4.911000000000000000e+03,-9.800000000000000000e+01,-3.380000000000000000e+02,-7.700000000000000000e+01
-9.620000000000000000e+02,-9.130000000000000000e+02,4.469000000000000000e+03,5.200000000000000000e+01,-2.900000000000000000e+01,1.300000000000000000e+01
-1.146000000000000000e+03,-5.340000000000000000e+02,4.106000000000000000e+03,1.140000000000000000e+02,1.700000000000000000e+02,4.600000000000000000e+01
-1.162000000000000000e+03,-5.240000000000000000e+02,3.694000000000000000e+03,6.400000000000000000e+01,6.000000000000000000e+01,-8.100000000000000000e+01
-1.186000000000000000e+03,-6.200000000000000000e+02,3.619000000000000000e+03,3.800000000000000000e+01,-1.100000000000000000e+01,8.500000000000000000e+01
-1.301000000000000000e+03,-5.770000000000000000e+02,4.007000000000000000e+03,2.100000000000000000e+01,-1.280000000000000000e+02,9.200000000000000000e+01
-1.132000000000000000e+03,-4.450000000000000000e+02,4.370000000000000000e+03,1.300000000000000000e+01,-6.200000000000000000e+01,7.800000000000000000e+01
-1.026000000000000000e+03,-4.250000000000000000e+02,4.356000000000000000e+03,-2.900000000000000000e+01,7.800000000000000000e+01,4.900000000000000000e+01
-1.150000000000000000e+03,-5.010000000000000000e+02,3.935000000000000000e+03,0.000000000000000000e+00,1.010000000000000000e+02,3.500000000000000000e+01
-1.296000000000000000e+03,-5.500000000000000000e+02,3.796000000000000000e+03,4.700000000000000000e+01,8.700000000000000000e+01,-5.100000000000000000e+01
-1.196000000000000000e+03,-6.290000000000000000e+02,3.982000000000000000e+03,2.700000000000000000e+01,3.200000000000000000e+01,-1.800000000000000000e+01
-1.000000000000000000e+03,-6.000000000000000000e+02,3.793000000000000000e+03,3.500000000000000000e+01,2.900000000000000000e+01,1.300000000000000000e+01
-8.860000000000000000e+02,-6.950000000000000000e+02,2.699000000000000000e+03,4.100000000000000000e+01,4.900000000000000000e+01,6.700000000000000000e+01
-1.381000000000000000e+03,5.420000000000000000e+02,1.781000000000000000e+03,-6.810000000000000000e+02,6.160000000000000000e+02,7.330000000000000000e+02
-8.820000000000000000e+02,-5.190000000000000000e+02,6.360000000000000000e+02,1.280000000000000000e+02,-9.280000000000000000e+02,2.600000000000000000e+02
1.560000000000000000e+02,-8.190000000000000000e+02,1.984000000000000000e+03,6.960000000000000000e+02,-2.289000000000000000e+03,-6.400000000000000000e+01
1.424000000000000000e+03,4.860000000000000000e+02,7.126000000000000000e+03,2.980000000000000000e+02,-2.212000000000000000e+03,1.720000000000000000e+02
6.630000000000000000e+02,-7.910000000000000000e+02,9.655000000000000000e+03,-4.540000000000000000e+02,-1.217000000000000000e+03,6.640000000000000000e+02
-1.018000000000000000e+03,-1.423000000000000000e+03,6.455000000000000000e+03,2.110000000000000000e+02,4.070000000000000000e+02,4.120000000000000000e+02
-1.600000000000000000e+01,1.340000000000000000e+02,4.197000000000000000e+03,5.020000000000000000e+02,2.710000000000000000e+02,5.100000000000000000e+01
6.360000000000000000e+02,-4.270000000000000000e+02,3.244000000000000000e+03,1.250000000000000000e+02,1.250000000000000000e+02,5.100000000000000000e+01
7.170000000000000000e+02,-4.530000000000000000e+02,3.543000000000000000e+03,4.600000000000000000e+01,-2.520000000000000000e+02,8.500000000000000000e+01
3.670000000000000000e+02,-1.880000000000000000e+02,3.760000000000000000e+03,4.000000000000000000e+00,-4.640000000000000000e+02,9.200000000000000000e+01
4.640000000000000000e+02,-2.980000000000000000e+02,4.430000000000000000e+03,-6.900000000000000000e+01,-5.490000000000000000e+02,7.600000000000000000e+01
5.020000000000000000e+02,-3.910000000000000000e+02,4.868000000000000000e+03,-2.400000000000000000e+01,-3.210000000000000000e+02,2.380000000000000000e+02
5.900000000000000000e+02,-1.790000000000000000e+02,4.637000000000000000e+03,1.320000000000000000e+02,-9.800000000000000000e+01,1.280000000000000000e+02
6.790000000000000000e+02,-8.500000000000000000e+01,4.065000000000000000e+03,6.200000000000000000e+01,7.100000000000000000e+01,2.100000000000000000e+01
7.380000000000000000e+02,-1.940000000000000000e+02,3.860000000000000000e+03,1.500000000000000000e+01,-1.000000000000000000e+00,-6.400000000000000000e+01
7.210000000000000000e+02,-1.340000000000000000e+02,4.175000000000000000e+03,-4.600000000000000000e+01,-1.700000000000000000e+02,-3.900000000000000000e+01
7.790000000000000000e+02,-9.900000000000000000e+01,4.522000000000000000e+03,2.000000000000000000e+00,-1.220000000000000000e+02,-4.500000000000000000e+01
8.290000000000000000e+02,-3.810000000000000000e+02,4.488000000000000000e+03,6.500000000000000000e+01,2.400000000000000000e+01,-5.500000000000000000e+01
7.290000000000000000e+02,-1.490000000000000000e+02,4.237000000000000000e+03,5.200000000000000000e+01,1.400000000000000000e+02,2.200000000000000000e+01
6.970000000000000000e+02,-1.020000000000000000e+02,4.264000000000000000e+03,-7.000000000000000000e+00,6.200000000000000000e+01,-3.000000000000000000e+01
5.600000000000000000e+02,-2.990000000000000000e+02,5.126000000000000000e+03,-1.120000000000000000e+02,6.100000000000000000e+01,-4.700000000000000000e+01
9.210000000000000000e+02,-3.990000000000000000e+02,8.074000000000000000e+03,-1.600000000000000000e+01,6.550000000000000000e+02,4.710000000000000000e+02
5.930000000000000000e+02,-1.170000000000000000e+02,6.511000000000000000e+03,3.140000000000000000e+02,1.721000000000000000e+03,2.650000000000000000e+02
6.680000000000000000e+02,4.300000000000000000e+02,4.572000000000000000e+03,-1.420000000000000000e+02,2.430000000000000000e+03,-1.330000000000000000e+02
-7.800000000000000000e+01,2.000000000000000000e+00,2.030000000000000000e+03,1.820000000000000000e+02,1.873000000000000000e+03,-6.550000000000000000e+02
-9.190000000000000000e+02,2.380000000000000000e+02,9.330000000000000000e+02,-4.200000000000000000e+01,1.396000000000000000e+03,-8.580000000000000000e+02
-1.516000000000000000e+03,-5.570000000000000000e+02,9.340000000000000000e+02,-6.400000000000000000e+01,-7.600000000000000000e+01,-3.850000000000000000e+02
-1.323000000000000000e+03,-4.190000000000000000e+02,3.397000000000000000e+03,-3.700000000000000000e+02,-9.710000000000000000e+02,3.430000000000000000e+02
-1.206000000000000000e+03,-4.990000000000000000e+02,4.533000000000000000e+03,-1.610000000000000000e+02,-3.950000000000000000e+02,1.900000000000000000e+01
-1.272000000000000000e+03,-7.890000000000000000e+02,4.511000000000000000e+03,-1.290000000000000000e+02,-1.220000000000000000e+02,7.600000000000000000e+01
-1.391000000000000000e+03,-3.130000000000000000e+02,4.343000000000000000e+03,1.220000000000000000e+02,-3.700000000000000000e+01,1.730000000000000000e+02
-1.566000000000000000e+03,5.500000000000000000e+01,4.023000000000000000e+03,1.780000000000000000e+02,-2.800000000000000000e+01,7.000000000000000000e+01
-1.466000000000000000e+03,-2.970000000000000000e+02,3.745000000000000000e+03,-2.000000000000000000e+01,1.140000000000000000e+02,-9.400000000000000000e+01
